pop,hap.divertity.within
paucaCA,0.564102564102564
paucaCA,0.512820512820513
paucaCA,0.512820512820513
paucaCA,0.512820512820513
paucaCA,0.717948717948718
paucaCA,0.525641025641026
paucaCA,0.858974358974359
paucaCA,0.525641025641026
paucaCA,0
paucaCA,0.5
paucaCA,0.282051282051282
paucaCA,0.67948717948718
paucaCA,0.602564102564103
paucaCA,0.512820512820513
paucaCA,0
paucaCA,0.153846153846154
paucaCA,0.653846153846154
paucaCA,0.653846153846154
paucaCA,0.615384615384615
paucaCA,0.602564102564103
paucaCA,0.153846153846154
paucaCA,0.461538461538462
paucaCA,0
paucaCA,0
paucaCA,0.564102564102564
paucaCA,0.384615384615385
paucaCA,0.67948717948718
paucaCA,0.653846153846154
paucaCA,0
paucaCA,0.858974358974359
paucaCA,0.294871794871795
paucaCA,0
paucaCA,0.5
paucaCA,0.153846153846154
paucaCA,0.153846153846154
paucaCA,0.153846153846154
paucaCA,0.153846153846154
paucaCA,0.717948717948718
paucaCA,0
paucaCA,0.41025641025641
paucaCA,0.153846153846154
paucaCA,0
paucaCA,0
paucaCA,0.153846153846154
paucaCA,0
paucaCA,0.67948717948718
paucaCA,0.807692307692308
paucaCA,0.641025641025641
paucaCA,0.461538461538462
paucaCA,0.461538461538462
paucaCA,0
paucaCA,0.153846153846154
paucaCA,0.153846153846154
paucaCA,0.807692307692308
paucaCA,0.5
paucaCA,0.5
paucaCA,0.641025641025641
paucaCA,0.153846153846154
paucaCA,0
paucaCA,0
paucaCA,0.5
paucaCA,0.461538461538462
paucaCA,0
paucaCA,0.67948717948718
paucaCA,0
paucaCA,0.153846153846154
paucaCA,0.615384615384615
paucaCA,0.461538461538462
paucaCA,0
paucaCA,0.564102564102564
paucaCA,0.461538461538462
paucaCA,0.153846153846154
paucaCA,0.858974358974359
paucaCA,0.153846153846154
paucaCA,0.153846153846154
paucaCA,0.641025641025641
paucaCA,0.153846153846154
paucaCA,0
paucaCA,0.41025641025641
paucaCA,0.153846153846154
paucaCA,0
paucaCA,0.153846153846154
paucaCA,0.153846153846154
paucaCA,0.82051282051282
paucaCA,0.692307692307692
paucaCA,0.717948717948718
paucaCA,0.807692307692308
paucaCA,0.782051282051282
paucaCA,0.717948717948718
paucaCA,0.717948717948718
paucaCA,0.82051282051282
paucaCA,0.384615384615385
paucaCA,0.5
paucaCA,0.41025641025641
paucaCA,0.153846153846154
paucaCA,0.67948717948718
paucaCA,0.82051282051282
paucaCA,0
paucaCA,0
paucaCA,0.67948717948718
paucaCA,0.705128205128205
paucaCA,0.41025641025641
paucaCA,0.153846153846154
paucaCA,0.384615384615385
paucaCA,0.153846153846154
paucaCA,0.153846153846154
paucaCA,0.153846153846154
paucaCA,0.756410256410256
paucaCA,0.5
paucaCA,0.153846153846154
paucaCA,0.756410256410256
paucaCA,0.564102564102564
paucaCA,0.5
paucaCA,0.5
paucaCA,0.512820512820513
paucaCA,0.153846153846154
paucaCA,0
paucaCA,0.512820512820513
paucaCA,0.641025641025641
paucaCA,0.602564102564103
paucaCA,0.5
paucaCA,0.564102564102564
paucaCA,0.833333333333333
paucaCA,0.564102564102564
paucaCA,0.153846153846154
paucaCA,0.153846153846154
paucaCA,0.153846153846154
paucaCA,0.858974358974359
paucaCA,0
paucaCA,0.41025641025641
paucaCA,0.153846153846154
paucaCA,0
paucaCA,0.153846153846154
paucaCA,0
paucaCA,0.153846153846154
paucaCA,0.153846153846154
paucaCA,0.5
paucaCA,0.282051282051282
paucaCA,0.58974358974359
paucaCA,0.294871794871795
paucaCA,0.282051282051282
paucaCA,0
paucaCA,0.423076923076923
paucaCA,0.384615384615385
paucaCA,0.512820512820513
paucaCA,0.512820512820513
paucaCA,0.294871794871795
paucaCA,0.602564102564103
paucaCA,0.564102564102564
paucaCA,0.525641025641026
paucaCA,0.602564102564103
paucaCA,0.5
paucaCA,0.153846153846154
paucaCA,0.461538461538462
paucaCA,0
paucaCA,0.461538461538462
paucaCA,0.153846153846154
paucaCA,0.153846153846154
paucaCA,0.564102564102564
paucaCA,0.153846153846154
paucaCA,0.512820512820513
paucaCA,0.58974358974359
paucaCA,0.67948717948718
paucaCA,0.67948717948718
paucaCA,0.5
paucaCA,0.41025641025641
paucaCA,0.5
paucaCA,0.153846153846154
paucaCA,0.153846153846154
paucaCA,0.153846153846154
paucaCA,0.461538461538462
paucaCA,0.153846153846154
paucaCA,0.153846153846154
paucaCA,0.641025641025641
paucaCA,0.282051282051282
paucaCA,0.705128205128205
paucaCA,0.653846153846154
paucaCA,0.653846153846154
paucaCA,0.153846153846154
paucaCA,0.602564102564103
paucaCA,0.653846153846154
paucaCA,0.717948717948718
paucaCA,0.5
paucaCA,0.5
paucaCA,0.538461538461538
paucaCA,0.294871794871795
paucaCA,0.153846153846154
paucaCA,0.153846153846154
paucaCA,0.91025641025641
paucaCA,0.67948717948718
paucaCA,0.41025641025641
paucaCA,0.282051282051282
paucaCA,0.41025641025641
paucaCA,0.666666666666667
paucaCA,0.833333333333333
paucaCA,0.807692307692308
paucaCA,0.153846153846154
paucaCA,0.512820512820513
paucaCA,0.692307692307692
paucaCA,0.461538461538462
paucaCA,0.717948717948718
paucaCA,0.692307692307692
paucaCA,0.717948717948718
paucaCA,0.833333333333333
paucaCA,0.461538461538462
paucaCA,0.756410256410256
paucaCA,0.5
paucaCA,0.730769230769231
paucaCA,0.756410256410256
paucaCA,0.756410256410256
paucaCA,0.384615384615385
paucaCA,0.461538461538462
paucaCA,0.5
paucaCA,0.5
paucaCA,0.5
paucaCA,0.858974358974359
paucaCA,0.858974358974359
paucaCA,0.602564102564103
paucaCA,0.282051282051282
paucaCA,0.615384615384615
paucaCA,0.564102564102564
paucaCA,0.756410256410256
paucaCA,0.41025641025641
paucaCA,0.153846153846154
paucaCA,0.153846153846154
paucaCA,0.5
paucaCA,0.641025641025641
paucaCA,0.5
paucaCA,0.461538461538462
paucaCA,0.564102564102564
paucaCA,0.5
paucaCA,0.756410256410256
paucaCA,0.5
paucaCA,0.641025641025641
paucaCA,0.858974358974359
paucaCA,0.858974358974359
paucaCA,0.769230769230769
paucaCA,0
paucaCA,0.756410256410256
paucaCA,0.153846153846154
paucaCA,0.153846153846154
paucaCA,0.41025641025641
paucaCA,0
paucaCA,0.641025641025641
paucaCA,0.538461538461538
paucaCA,0.5
paucaCA,0.5
paucaCA,0.153846153846154
paucaCA,0.5
paucaCA,0.5
paucaCA,0
paucaCA,0.153846153846154
paucaCA,0.461538461538462
paucaCA,0.615384615384615
paucaCA,0
paucaCA,0.615384615384615
paucaCA,0.41025641025641
paucaCA,0.769230769230769
paucaCA,0.615384615384615
paucaCA,0.756410256410256
paucaCA,0.5
paucaCA,0.564102564102564
paucaCA,0.153846153846154
paucaCA,0.384615384615385
paucaCA,0.717948717948718
paucaCA,0.756410256410256
paucaCA,0.67948717948718
paucaCA,0.717948717948718
paucaCA,0.461538461538462
paucaCA,0.641025641025641
paucaCA,0
paucaCA,0.564102564102564
paucaCA,0.602564102564103
paucaCA,0.717948717948718
paucaCA,0.564102564102564
paucaCA,0.756410256410256
paucaCA,0.512820512820513
paucaCA,0.641025641025641
paucaCA,0.602564102564103
paucaCA,0.756410256410256
paucaCA,0.153846153846154
paucaCA,0.153846153846154
paucaCA,0.602564102564103
paucaCA,0.41025641025641
paucaCA,0.153846153846154
paucaCA,0.756410256410256
paucaCA,0.41025641025641
paucaCA,0.41025641025641
paucaCA,0.461538461538462
paucaCA,0.153846153846154
paucaCA,0
paucaCA,0.5
paucaCA,0.5
paucaCA,0.5
paucaCA,0.602564102564103
paucaCA,0.153846153846154
paucaCA,0.294871794871795
paucaCA,0.294871794871795
paucaCA,0.423076923076923
paucaCA,0
paucaCA,0.153846153846154
paucaCA,0.153846153846154
paucaCA,0.153846153846154
paucaCA,0.153846153846154
paucaCA,0
paucaCA,0.461538461538462
paucaCA,0.5
paucaCA,0.5
paucaCA,0.67948717948718
paucaCA,0.153846153846154
paucaCA,0.807692307692308
paucaCA,0.384615384615385
paucaCA,0.67948717948718
paucaCA,0.807692307692308
paucaCA,0.756410256410256
paucaCA,0.756410256410256
paucaCA,0.833333333333333
paucaCA,0.756410256410256
paucaCA,0.756410256410256
paucaCA,0.756410256410256
paucaCA,0.512820512820513
paucaCA,0.512820512820513
paucaCA,0
paucaCA,0.67948717948718
paucaCA,0.833333333333333
paucaCA,0.807692307692308
paucaCA,0.705128205128205
paucaCA,0.512820512820513
paucaCA,0.833333333333333
paucaCA,0.833333333333333
paucaCA,0.807692307692308
paucaCA,0.794871794871795
paucaCA,0.833333333333333
paucaCA,0.153846153846154
paucaCA,0.153846153846154
paucaCA,0.564102564102564
paucaCA,0.282051282051282
paucaCA,0.5
paucaCA,0.5
paucaCA,0.602564102564103
paucaCA,0.153846153846154
paucaCA,0.153846153846154
paucaCA,0
paucaCA,0.153846153846154
paucaCA,0.5
paucaCA,0.5
paucaCA,0.5
paucaCA,0.756410256410256
paucaCA,0.833333333333333
paucaCA,0.756410256410256
paucaCA,0.602564102564103
paucaCA,0.653846153846154
paucaCA,0.58974358974359
paucaCA,0.67948717948718
paucaCA,0.67948717948718
paucaCA,0.294871794871795
paucaCA,0.756410256410256
paucaCA,0.833333333333333
paucaCA,0.282051282051282
paucaCA,0.730769230769231
paucaCA,0.153846153846154
paucaCA,0.384615384615385
paucaCA,0.5
paucaCA,0.717948717948718
paucaCA,0.756410256410256
paucaCA,0.384615384615385
paucaCA,0.602564102564103
paucaCA,0.615384615384615
paucaCA,0.41025641025641
paucaCA,0.858974358974359
paucaCA,0.67948717948718
paucaCA,0.58974358974359
paucaCA,0.512820512820513
paucaCA,0.564102564102564
paucaCA,0.282051282051282
paucaCA,0.5
paucaCA,0.461538461538462
paucaCA,0.461538461538462
paucaCA,0.461538461538462
paucaCA,0.564102564102564
paucaCA,0.5
paucaCA,0.5
paucaCA,0.461538461538462
paucaCA,0.717948717948718
paucaCA,0.282051282051282
paucaCA,0.41025641025641
paucaCA,0.743589743589744
paucaCA,0.756410256410256
paucaCA,0.858974358974359
paucaCA,0.666666666666667
paucaCA,0.512820512820513
paucaCA,0.782051282051282
paucaCA,0.717948717948718
paucaCA,0.41025641025641
paucaCA,0.641025641025641
paucaCA,0.641025641025641
paucaCA,0.153846153846154
paucaCA,0.525641025641026
paucaCA,0.282051282051282
paucaCA,0.756410256410256
paucaCA,0.833333333333333
paucaCA,0.833333333333333
paucaCA,0.807692307692308
paucaCA,0.461538461538462
paucaCA,0.756410256410256
paucaCA,0.461538461538462
paucaCA,0.564102564102564
paucaCA,0.384615384615385
paucaCA,0.58974358974359
paucaCA,0.730769230769231
paucaCA,0.858974358974359
paucaCA,0.756410256410256
paucaCA,0
paucaCA,0.730769230769231
paucaCA,0
paucaCA,0.461538461538462
paucaCA,0.153846153846154
paucaCA,0
paucaCA,0
paucaCA,0.153846153846154
paucaCA,0.153846153846154
paucaCA,0.153846153846154
paucaCA,0.5
paucaCA,0.282051282051282
paucaCA,0.564102564102564
paucaCA,0
paucaCA,0.153846153846154
paucaCA,0
paucaCA,0.153846153846154
paucaCA,0.153846153846154
paucaCA,0
paucaCA,0.67948717948718
paucaCA,0
paucaCA,0.41025641025641
paucaCA,0.41025641025641
paucaCA,0.717948717948718
paucaCA,0.833333333333333
paucaCA,0.756410256410256
paucaCA,0.5
paucaCA,0.461538461538462
paucaCA,0.153846153846154
paucaCA,0.756410256410256
paucaCA,0.564102564102564
paucaCA,0.897435897435897
paucaCA,0.384615384615385
paucaCA,0.294871794871795
paucaCA,0.5
paucaCA,0.756410256410256
paucaCA,0.602564102564103
paucaCA,0.858974358974359
paucaCA,0.756410256410256
paucaCA,0.756410256410256
paucaCA,0.756410256410256
paucaCA,0.67948717948718
paucaCA,0.294871794871795
paucaCA,0.461538461538462
paucaCA,0.756410256410256
paucaCA,0.730769230769231
paucaCA,0.756410256410256
paucaCA,0.461538461538462
paucaCA,0.730769230769231
paucaCA,0.5
paucaCA,0
paucaCA,0.67948717948718
paucaCA,0.5
paucaCA,0.653846153846154
paucaCA,0.153846153846154
paucaCA,0.282051282051282
paucaCA,0.756410256410256
paucaCA,0.756410256410256
paucaCA,0.717948717948718
paucaCA,0
paucaCA,0.153846153846154
paucaCA,0.153846153846154
paucaCA,0.153846153846154
paucaCA,0.153846153846154
paucaCA,0
paucaCA,0
paucaCA,0.833333333333333
paucaCA,0
paucaCA,0.5
paucaCA,0
paucaCA,0.153846153846154
paucaCA,0.153846153846154
paucaCA,0.858974358974359
paucaCA,0.153846153846154
paucaCA,0.153846153846154
paucaCA,0.5
paucaCA,0.564102564102564
paucaCA,0.153846153846154
paucaCA,0
paucaCA,0
paucaCA,0.858974358974359
paucaCA,0.641025641025641
paucaCA,0.461538461538462
paucaCA,0.461538461538462
paucaCA,0.5
paucaCA,0.884615384615385
paucaCA,0.615384615384615
paucaCA,0.615384615384615
paucaCA,0.615384615384615
paucaCA,0.615384615384615
paucaCA,0.82051282051282
paucaCA,0.41025641025641
paucaCA,0.692307692307692
paucaCA,0.153846153846154
paucaCA,0.153846153846154
paucaCA,0
paucaCA,0.461538461538462
paucaCA,0.756410256410256
paucaCA,0.384615384615385
paucaCA,0.833333333333333
paucaCA,0.5
paucaCA,0.602564102564103
paucaCA,0.512820512820513
paucaCA,0.602564102564103
paucaCA,0.5
paucaCA,0
paucaCA,0.653846153846154
paucaCA,0.153846153846154
paucaCA,0.153846153846154
paucaCA,0.641025641025641
paucaCA,0.153846153846154
paucaCA,0.384615384615385
paucaCA,0
paucaCA,0.153846153846154
paucaCA,0
paucaCA,0.756410256410256
paucaCA,0.5
paucaCA,0.5
paucaCA,0.525641025641026
paucaCA,0.794871794871795
paucaCA,0.67948717948718
paucaCA,0.41025641025641
paucaCA,0.807692307692308
paucaCA,0.756410256410256
paucaCA,0.833333333333333
paucaCA,0.384615384615385
paucaCA,0
paucaCA,0.41025641025641
paucaCA,0.461538461538462
paucaCA,0.5
paucaCA,0.833333333333333
paucaCA,0.833333333333333
paucaCA,0.282051282051282
paucaCA,0.41025641025641
paucaCA,0.41025641025641
paucaCA,0.756410256410256
paucaCA,0.756410256410256
paucaCA,0.282051282051282
paucaCA,0.525641025641026
paucaCA,0.82051282051282
paucaCA,0.858974358974359
paucaCA,0.82051282051282
paucaCA,0.858974358974359
paucaCA,0.858974358974359
paucaCA,0.692307692307692
paucaCA,0.666666666666667
paucaCA,0.538461538461538
paucaCA,0.41025641025641
paucaCA,0.41025641025641
paucaCA,0.41025641025641
paucaCA,0.41025641025641
paucaCA,0.41025641025641
paucaCA,0.153846153846154
paucaCA,0.564102564102564
paucaCA,0.153846153846154
paucaCA,0.564102564102564
paucaCA,0.294871794871795
paucaCA,0.653846153846154
paucaCA,0.807692307692308
paucaCA,0.756410256410256
paucaCA,0.602564102564103
paucaCA,0.807692307692308
paucaCA,0.730769230769231
paucaCA,0.5
paucaCA,0.5
paucaCA,0.58974358974359
paucaCA,0.5
paucaCA,0
paucaCA,0.833333333333333
paucaCA,0.5
paucaCA,0.756410256410256
paucaCA,0.5
paucaCA,0.756410256410256
paucaCA,0.833333333333333
paucaCA,0.756410256410256
paucaCA,0.461538461538462
paucaCA,0.641025641025641
paucaCA,0.461538461538462
paucaCA,0.602564102564103
paucaCA,0.82051282051282
paucaCA,0.897435897435897
paucaCA,0.807692307692308
paucaCA,0
paucaCA,0.67948717948718
paucaCA,0.41025641025641
paucaCA,0.538461538461538
paucaCA,0.615384615384615
paucaCA,0.5
paucaCA,0.5
paucaCA,0.5
paucaCA,0.5
paucaCA,0.756410256410256
paucaCA,0.705128205128205
paucaCA,0.512820512820513
paucaCA,0
paucaCA,0.153846153846154
paucaCA,0.41025641025641
paucaCA,0.5
paucaCA,0
paucaCA,0.615384615384615
paucaCA,0.782051282051282
paucaCA,0.756410256410256
paucaCA,0.41025641025641
paucaCA,0.833333333333333
paucaCA,0.782051282051282
paucaCA,0.67948717948718
paucaCA,0.5
paucaCA,0.153846153846154
paucaCA,0.564102564102564
paucaCA,0.833333333333333
paucaCA,0.833333333333333
paucaCA,0.512820512820513
paucaCA,0.717948717948718
paucaCA,0.717948717948718
paucaCA,0.769230769230769
paucaCA,0.807692307692308
paucaCA,0.692307692307692
paucaCA,0.807692307692308
paucaCA,0.282051282051282
paucaCA,0.615384615384615
paucaCA,0.461538461538462
paucaCA,0.5
paucaCA,0
paucaCA,0
paucaCA,0.833333333333333
paucaCA,0.653846153846154
paucaCA,0.538461538461538
paucaCA,0.282051282051282
paucaCA,0.602564102564103
paucaCA,0.807692307692308
paucaCA,0.794871794871795
paucaCA,0.692307692307692
paucaCA,0.756410256410256
paucaCA,0.717948717948718
paucaCA,0.756410256410256
paucaCA,0.717948717948718
paucaCA,0
paucaCA,0.153846153846154
paucaCA,0.5
paucaCA,0.461538461538462
paucaCA,0.564102564102564
paucaCA,0.564102564102564
paucaCA,0.153846153846154
paucaCA,0.153846153846154
paucaCA,0.153846153846154
paucaCA,0.5
paucaCA,0.692307692307692
paucaCA,0
paucaCA,0.461538461538462
paucaCA,0.5
paucaCA,0.461538461538462
paucaCA,0.525641025641026
paucaCA,0.615384615384615
paucaCA,0.5
paucaCA,0.5
paucaCA,0.5
paucaCA,0.153846153846154
paucaCA,0
paucaCA,0.564102564102564
paucaCA,0.564102564102564
paucaCA,0.512820512820513
paucaCA,0.756410256410256
paucaCA,0.5
paucaCA,0.82051282051282
paucaCA,0.807692307692308
paucaCA,0.384615384615385
paucaCA,0
paucaCA,0.153846153846154
paucaCA,0
paucaCA,0
paucaCA,0.67948717948718
paucaCA,0.858974358974359
paucaCA,0.756410256410256
paucaCA,0.756410256410256
paucaCA,0.67948717948718
paucaCA,0.41025641025641
paucaCA,0.461538461538462
paucaCA,0.153846153846154
paucaCA,0.653846153846154
paucaCA,0.282051282051282
paucaCA,0
paucaCA,0.282051282051282
paucaCA,0.858974358974359
paucaCA,0.564102564102564
paucaCA,0.461538461538462
paucaCA,0.153846153846154
paucaCA,0.153846153846154
paucaCA,0.641025641025641
paucaCA,0.153846153846154
paucaCA,0.153846153846154
paucaCA,0.833333333333333
paucaCA,0.756410256410256
paucaCA,0.756410256410256
paucaCA,0.5
paucaCA,0
paucaCA,0.756410256410256
paucaCA,0.512820512820513
paucaCA,0.153846153846154
paucaCA,0.858974358974359
paucaCA,0.858974358974359
paucaCA,0.756410256410256
paucaCA,0.67948717948718
paucaCA,0.858974358974359
paucaCA,0.858974358974359
paucaCA,0.833333333333333
paucaCA,0.833333333333333
paucaCA,0.67948717948718
paucaCA,0.153846153846154
paucaCA,0
paucaCA,0
paucaCA,0.756410256410256
paucaCA,0.564102564102564
paucaCA,0.153846153846154
paucaCA,0
paucaCA,0
paucaCA,0.41025641025641
paucaCA,0
paucaCA,0
paucaCA,0.564102564102564
paucaCA,0.782051282051282
paucaCA,0.602564102564103
paucaCA,0
paucaCA,0.282051282051282
paucaCA,0.153846153846154
paucaCA,0.282051282051282
paucaCA,0.294871794871795
paucaCA,0.67948717948718
paucaCA,0.602564102564103
paucaCA,0.756410256410256
paucaCA,0.512820512820513
paucaCA,0
paucaCA,0
paucaCA,0.384615384615385
paucaCA,0.282051282051282
paucaCA,0
paucaCA,0
paucaCA,0.282051282051282
paucaCA,0
paucaCA,0.602564102564103
paucaCA,0.5
paucaCA,0.153846153846154
paucaCA,0.858974358974359
paucaCA,0.641025641025641
paucaCA,0.282051282051282
paucaCA,0
paucaCA,0.58974358974359
paucaCA,0.282051282051282
paucaCA,0.58974358974359
paucaCA,0
paucaCA,0
paucaCA,0.5
paucaCA,0.5
paucaCA,0.153846153846154
paucaCA,0.153846153846154
paucaCA,0
paucaCA,0.153846153846154
paucaCA,0.153846153846154
paucaCA,0
paucaCA,0
paucaCA,0.67948717948718
paucaCA,0.512820512820513
paucaCA,0.743589743589744
paucaCA,0.602564102564103
paucaCA,0.743589743589744
paucaCA,0.564102564102564
paucaCA,0.512820512820513
paucaCA,0.58974358974359
paucaCA,0.5
paucaCA,0.564102564102564
paucaCA,0
paucaCA,0.282051282051282
paucaCA,0.67948717948718
paucaCA,0.384615384615385
paucaCA,0.602564102564103
paucaCA,0.41025641025641
paucaCA,0.384615384615385
paucaCA,0.384615384615385
paucaCA,0.602564102564103
paucaCA,0.461538461538462
paucaCA,0.5
paucaCA,0.384615384615385
paucaCA,0
paucaCA,0.756410256410256
paucaCA,0.461538461538462
paucaCA,0.5
paucaCA,0.294871794871795
paucaCA,0.512820512820513
paucaCA,0
paucaCA,0
paucaCA,0.756410256410256
paucaCA,0.756410256410256
paucaCA,0.564102564102564
paucaCA,0
paucaCA,0.153846153846154
paucaCA,0.564102564102564
paucaCA,0
paucaCA,0.153846153846154
paucaCA,0.717948717948718
paucaCA,0.564102564102564
paucaCA,0
paucaCA,0.512820512820513
paucaCA,0.512820512820513
paucaCA,0.58974358974359
paucaCA,0
paucaCA,0.153846153846154
paucaCA,0
paucaCA,0.769230769230769
paucaCA,0.153846153846154
paucaCA,0.564102564102564
paucaCA,0.653846153846154
paucaCA,0.756410256410256
paucaCA,0.384615384615385
paucaCA,0.782051282051282
paucaCA,0.756410256410256
paucaCA,0.858974358974359
paucaCA,0.564102564102564
paucaCA,0.756410256410256
paucaCA,0.807692307692308
paucaCA,0.756410256410256
paucaCA,0.858974358974359
paucaCA,0.67948717948718
paucaCA,0.717948717948718
paucaCA,0.67948717948718
paucaCA,0.67948717948718
paucaCA,0.67948717948718
paucaCA,0.833333333333333
paucaCA,0.833333333333333
paucaCA,0.384615384615385
paucaCA,0.705128205128205
paucaCA,0.756410256410256
paucaCA,0.756410256410256
paucaCA,0.615384615384615
paucaCA,0.153846153846154
paucaCA,0.153846153846154
paucaCA,0.692307692307692
paucaCA,0.461538461538462
paucaCA,0.756410256410256
paucaCA,0.807692307692308
paucaCA,0
paucaCA,0.692307692307692
paucaCA,0
paucaCA,0
paucaCA,0.461538461538462
paucaCA,0.641025641025641
paucaCA,0.67948717948718
paucaCA,0.153846153846154
paucaCA,0.153846153846154
paucaCA,0.5
paucaCA,0.602564102564103
paucaCA,0.756410256410256
paucaCA,0.384615384615385
paucaCA,0.153846153846154
paucaCA,0.5
paucaCA,0.602564102564103
paucaCA,0
paucaCA,0.153846153846154
paucaCA,0.153846153846154
paucaCA,0
paucaCA,0.153846153846154
paucaCA,0.282051282051282
paucaCA,0.153846153846154
paucaCA,0
paucaCA,0.153846153846154
paucaCA,0.153846153846154
paucaCA,0.5
paucaCA,0.41025641025641
paucaCA,0.5
paucaCA,0.461538461538462
paucaCA,0.5
paucaCA,0.5
paucaCA,0.756410256410256
paucaCA,0.794871794871795
paucaCA,0.602564102564103
paucaCA,0.67948717948718
paucaCA,0.67948717948718
paucaCA,0.602564102564103
paucaCA,0.461538461538462
paucaCA,0
paucaCA,0.153846153846154
paucaCA,0.717948717948718
paucaCA,0.5
paucaCA,0.769230769230769
paucaCA,0.615384615384615
paucaCA,0.82051282051282
paucaCA,0.653846153846154
paucaCA,0.41025641025641
paucaCA,0.41025641025641
paucaCA,0.5
paucaCA,0.461538461538462
paucaCA,0.5
paucaCA,0.5
paucaCA,0
paucaCA,0.5
paucaCA,0.564102564102564
paucaCA,0.5
paucaCA,0.461538461538462
paucaCA,0.5
paucaCA,0.461538461538462
paucaCA,0
paucaCA,0.67948717948718
paucaCA,0.153846153846154
paucaCA,0
paucaCA,0.461538461538462
paucaCA,0
paucaCA,0
paucaCA,0
paucaCA,0.153846153846154
paucaCA,0
paucaCA,0.615384615384615
paucaCA,0.858974358974359
paucaCA,0.692307692307692
paucaCA,0.41025641025641
paucaCA,0.153846153846154
paucaCA,0.602564102564103
paucaCA,0.294871794871795
paucaCA,0.756410256410256
paucaCA,0.461538461538462
paucaCA,0.153846153846154
paucaCA,0
paucaCA,0.512820512820513
paucaCA,0
paucaCA,0.67948717948718
paucaCA,0.730769230769231
paucaCA,0
paucaCA,0.153846153846154
paucaCA,0.461538461538462
paucaCA,0
paucaCA,0
paucaCA,0.653846153846154
paucaCA,0.538461538461538
paucaCA,0.756410256410256
paucaCA,0.705128205128205
paucaCA,0.41025641025641
paucaCA,0.384615384615385
paucaCA,0.782051282051282
paucaCA,0.153846153846154
paucaCA,0.153846153846154
paucaCA,0.294871794871795
paucaCA,0
paucaCA,0.41025641025641
paucaCA,0.153846153846154
paucaCA,0
paucaCA,0.153846153846154
paucaCA,0.461538461538462
paucaCA,0.153846153846154
paucaCA,0
paucaCA,0.5
paucaCA,0
paucaCA,0.41025641025641
paucaCA,0
paucaCA,0
paucaCA,0.282051282051282
paucaCA,0.153846153846154
paucaCA,0
paucaCA,0
paucaCA,0
paucaCA,0.461538461538462
paucaCA,0
paucaCA,0
paucaCA,0
paucaCA,0.153846153846154
paucaCA,0
paucaCA,0
paucaCA,0.564102564102564
paucaCA,0
paucaCA,0.461538461538462
paucaCA,0
paucaCA,0.384615384615385
paucaCA,0.58974358974359
paucaCA,0.461538461538462
paucaCA,0.717948717948718
paucaCA,0.153846153846154
paucaCA,0.461538461538462
paucaCA,0
paucaCA,0.692307692307692
paucaCA,0
paucaCA,0.717948717948718
paucaCA,0.294871794871795
paucaCA,0.5
paucaCA,0.602564102564103
paucaCA,0.153846153846154
paucaCA,0
paucaCA,0.153846153846154
paucaCA,0.282051282051282
paucaCA,0
paucaCA,0.461538461538462
paucaCA,0
paucaCA,0.67948717948718
paucaCA,0.756410256410256
paucaCA,0.756410256410256
paucaCA,0.756410256410256
paucaCA,0.782051282051282
paucaCA,0.717948717948718
paucaCA,0.717948717948718
paucaCA,0.807692307692308
paucaCA,0.858974358974359
paucaCA,0.858974358974359
paucaCA,0.858974358974359
paucaCA,0.833333333333333
paucaCA,0.858974358974359
paucaCA,0.756410256410256
paucaCA,0.858974358974359
paucaCA,0.5
paucaCA,0.82051282051282
paucaCA,0.82051282051282
paucaCA,0.717948717948718
paucaCA,0.717948717948718
paucaCA,0.5
paucaCA,0.512820512820513
paucaCA,0.384615384615385
paucaCA,0.564102564102564
paucaCA,0.756410256410256
paucaCA,0.461538461538462
paucaCA,0.384615384615385
paucaCA,0.756410256410256
paucaCA,0.525641025641026
paucaCA,0
paucaCA,0.67948717948718
paucaCA,0.67948717948718
paucaCA,0.538461538461538
paucaCA,0.67948717948718
paucaCA,0.282051282051282
paucaCA,0
paucaCA,0.282051282051282
paucaCA,0.512820512820513
paucaCA,0.730769230769231
paucaCA,0.67948717948718
paucaCA,0.858974358974359
paucaCA,0.756410256410256
paucaCA,0.538461538461538
paucaCA,0.743589743589744
paucaCA,0.82051282051282
paucaCA,0.153846153846154
paucaCA,0.871794871794872
paucaCA,0.858974358974359
paucaCA,0.692307692307692
paucaCA,0.858974358974359
paucaCA,0.641025641025641
paucaCA,0.653846153846154
paucaCA,0.653846153846154
paucaCA,0.602564102564103
paucaCA,0.538461538461538
paucaCA,0
paucaCA,0.858974358974359
paucaCA,0
paucaCA,0.807692307692308
paucaCA,0.769230769230769
paucaCA,0.794871794871795
paucaCA,0.705128205128205
paucaCA,0.705128205128205
paucaCA,0
paucaCA,0
paucaCA,0
paucaCA,0
paucaCA,0
paucaCA,0.153846153846154
paucaCA,0.461538461538462
paucaCA,0.153846153846154
paucaCA,0.641025641025641
paucaCA,0.5
paucaCA,0.5
paucaCA,0.153846153846154
paucaCA,0.41025641025641
paucaCA,0.615384615384615
paucaCA,0.153846153846154
paucaCA,0.5
paucaCA,0.5
paucaCA,0.564102564102564
paucaCA,0.807692307692308
paucaCA,0.5
paucaCA,0.5
paucaCA,0.602564102564103
paucaCA,0.153846153846154
paucaCA,0.653846153846154
paucaCA,0.153846153846154
paucaCA,0.294871794871795
paucaCA,0.41025641025641
paucaCA,0.153846153846154
paucaCA,0.641025641025641
paucaCA,0.67948717948718
paucaCA,0.653846153846154
paucaCA,0.153846153846154
paucaCA,0.384615384615385
paucaCA,0
paucaCA,0.538461538461538
paucaCA,0.67948717948718
paucaCA,0
paucaCA,0.67948717948718
paucaCA,0.653846153846154
paucaCA,0.756410256410256
paucaCA,0.756410256410256
paucaCA,0.833333333333333
paucaCA,0.756410256410256
paucaCA,0.67948717948718
paucaCA,0.538461538461538
paucaCA,0.5
paucaCA,0.756410256410256
paucaCA,0.153846153846154
paucaCA,0.294871794871795
paucaCA,0.5
paucaCA,0
paucaCA,0
paucaCA,0.5
paucaCA,0.67948717948718
paucaCA,0
paucaCA,0.153846153846154
paucaCA,0.512820512820513
paucaCA,0.384615384615385
paucaCA,0.564102564102564
paucaCA,0.833333333333333
paucaCA,0
paucaCA,0.67948717948718
paucaCA,0.153846153846154
paucaCA,0.5
paucaCA,0.602564102564103
paucaCA,0.666666666666667
paucaCA,0.717948717948718
paucaCA,0.858974358974359
paucaCA,0.564102564102564
paucaCA,0.756410256410256
paucaCA,0.294871794871795
paucaCA,0.717948717948718
paucaCA,0.82051282051282
paucaCA,0.858974358974359
paucaCA,0.858974358974359
paucaCA,0.782051282051282
paucaCA,0.858974358974359
paucaCA,0.41025641025641
paucaCA,0.461538461538462
paucaCA,0.153846153846154
paucaCA,0.153846153846154
paucaCA,0.153846153846154
paucaCA,0.41025641025641
paucaCA,0.512820512820513
paucaCA,0.153846153846154
paucaCA,0.512820512820513
paucaCA,0
paucaCA,0.807692307692308
paucaCA,0.769230769230769
paucaCA,0.858974358974359
paucaCA,0.384615384615385
paucaCA,0.756410256410256
paucaCA,0.602564102564103
paucaCA,0.153846153846154
paucaCA,0.384615384615385
paucaCA,0.692307692307692
paucaCA,0.282051282051282
paucaCA,0.384615384615385
paucaCA,0.5
paucaCA,0
paucaCA,0.692307692307692
paucaCA,0.858974358974359
paucaCA,0.615384615384615
paucaCA,0.807692307692308
paucaCA,0.730769230769231
paucaCA,0.153846153846154
paucaCA,0.461538461538462
paucaCA,0.717948717948718
paucaCA,0.564102564102564
paucaCA,0.794871794871795
paucaCA,0.82051282051282
paucaCA,0.717948717948718
paucaCA,0
paucaCA,0.756410256410256
paucaCA,0
paucaCA,0
paucaCA,0.717948717948718
paucaCA,0
paucaCA,0
paucaCA,0.153846153846154
paucaCA,0.717948717948718
paucaCA,0.846153846153846
paucaCA,0.858974358974359
paucaCA,0.756410256410256
paucaCA,0.717948717948718
paucaCA,0.858974358974359
paucaCA,0
paucaCA,0.602564102564103
paucaCA,0
paucaCA,0
paucaCA,0.717948717948718
paucaCA,0.5
paucaCA,0.641025641025641
paucaCA,0.5
paucaCA,0
paucaCA,0.538461538461538
paucaCA,0
paucaCA,0.743589743589744
paucaCA,0.782051282051282
paucaCA,0.756410256410256
paucaCA,0
paucaCA,0.67948717948718
paucaCA,0.5
paucaCA,0.461538461538462
paucaCA,0.756410256410256
paucaCA,0.564102564102564
paucaCA,0.705128205128205
paucaCA,0.717948717948718
paucaCA,0.58974358974359
paucaCA,0.461538461538462
paucaCA,0.641025641025641
paucaCA,0.5
paucaCA,0.5
paucaCA,0.5
paucaCA,0.153846153846154
paucaCA,0.153846153846154
paucaCA,0.5
paucaCA,0.5
paucaCA,0.653846153846154
paucaCA,0.756410256410256
paucaCA,0.5
paucaCA,0.564102564102564
paucaCA,0.153846153846154
paucaCA,0.833333333333333
paucaCA,0.807692307692308
paucaCA,0.602564102564103
paucaCA,0.461538461538462
paucaCA,0.461538461538462
paucaCA,0.756410256410256
paucaCA,0.615384615384615
paucaCA,0.615384615384615
paucaCA,0.153846153846154
paucaCA,0.5
paucaCA,0.5
paucaCA,0.153846153846154
paucaCA,0.5
paucaCA,0.858974358974359
paucaCA,0.5
paucaCA,0.5
paucaCA,0.5
paucaCA,0.756410256410256
paucaCA,0.858974358974359
paucaCA,0.294871794871795
paucaCA,0.153846153846154
paucaCA,0.294871794871795
paucaCA,0
paucaCA,0.564102564102564
paucaCA,0.41025641025641
paucaCA,0.461538461538462
paucaCA,0.461538461538462
paucaCA,0.461538461538462
paucaCA,0
paucaCA,0.5
paucaCA,0.756410256410256
paucaCA,0.5
paucaCA,0.461538461538462
paucaCA,0.461538461538462
paucaCA,0.564102564102564
paucaCA,0.5
paucaCA,0.5
paucaCA,0.5
paucaCA,0.461538461538462
paucaCA,0.641025641025641
paucaCA,0.730769230769231
paucaCA,0.384615384615385
paucaCA,0.461538461538462
paucaCA,0.461538461538462
paucaCA,0.461538461538462
paucaCA,0.5
paucaCA,0.5
paucaCA,0.67948717948718
paucaCA,0
paucaCA,0
paucaCA,0.461538461538462
paucaCA,0.41025641025641
paucaCA,0.67948717948718
paucaCA,0.641025641025641
paucaCA,0.153846153846154
paucaCA,0.512820512820513
paucaCA,0.602564102564103
paucaCA,0.67948717948718
paucaCA,0.282051282051282
paucaCA,0.282051282051282
paucaCA,0
paucaCA,0
paucaCA,0.282051282051282
paucaCA,0.153846153846154
paucaCA,0.153846153846154
paucaCA,0.153846153846154
paucaCA,0.602564102564103
paucaCA,0.153846153846154
paucaCA,0.153846153846154
paucaCA,0.67948717948718
paucaCA,0.5
paucaCA,0.67948717948718
paucaCA,0.858974358974359
paucaCA,0.756410256410256
paucaCA,0.756410256410256
paucaCA,0.153846153846154
paucaCA,0.833333333333333
paucaCA,0.564102564102564
paucaCA,0.461538461538462
paucaCA,0.153846153846154
paucaCA,0.717948717948718
paucaCA,0.41025641025641
paucaCA,0.153846153846154
paucaCA,0.153846153846154
paucaCA,0
paucaCA,0.756410256410256
paucaCA,0.153846153846154
paucaCA,0.5
paucaCA,0.858974358974359
paucaCA,0.564102564102564
paucaCA,0.461538461538462
paucaCA,0.153846153846154
paucaCA,0.294871794871795
paucaCA,0
paucaCA,0.717948717948718
paucaCA,0.666666666666667
paucaCA,0.461538461538462
paucaCA,0
paucaCA,0
paucaCA,0
paucaCA,0.153846153846154
paucaCA,0
paucaCA,0.5
paucaCA,0.384615384615385
paucaCA,0
paucaCA,0.705128205128205
paucaCA,0.153846153846154
paucaCA,0.384615384615385
paucaCA,0.461538461538462
paucaCA,0.461538461538462
paucaCA,0.5
paucaCA,0.5
paucaCA,0.153846153846154
paucaSA,0.333333333333333
paucaSA,0
paucaSA,0.333333333333333
paucaSA,0.333333333333333
paucaSA,0.333333333333333
paucaSA,0.333333333333333
paucaSA,0.333333333333333
paucaSA,0
paucaSA,0.333333333333333
paucaSA,0.333333333333333
paucaSA,0.333333333333333
paucaSA,0.333333333333333
paucaSA,0.333333333333333
paucaSA,0.333333333333333
paucaSA,0.333333333333333
paucaSA,0.333333333333333
paucaSA,0.333333333333333
paucaSA,0.333333333333333
paucaSA,0.333333333333333
paucaSA,0.333333333333333
paucaSA,0.333333333333333
paucaSA,0.333333333333333
paucaSA,0.333333333333333
paucaSA,0.333333333333333
paucaSA,0.333333333333333
paucaSA,0
paucaSA,0.333333333333333
paucaSA,0.333333333333333
paucaSA,0
paucaSA,0.333333333333333
paucaSA,0
paucaSA,0.333333333333333
paucaSA,0.333333333333333
paucaSA,0
paucaSA,0
paucaSA,0
paucaSA,0
paucaSA,0.6
paucaSA,0
paucaSA,0
paucaSA,0.333333333333333
paucaSA,0
paucaSA,0
paucaSA,0
paucaSA,0.333333333333333
paucaSA,0.333333333333333
paucaSA,0.333333333333333
paucaSA,0
paucaSA,0.333333333333333
paucaSA,0.333333333333333
paucaSA,0
paucaSA,0
paucaSA,0
paucaSA,0.333333333333333
paucaSA,0.333333333333333
paucaSA,0.333333333333333
paucaSA,0.333333333333333
paucaSA,0
paucaSA,0
paucaSA,0
paucaSA,0.6
paucaSA,0.333333333333333
paucaSA,0
paucaSA,0.333333333333333
paucaSA,0.333333333333333
paucaSA,0
paucaSA,0.333333333333333
paucaSA,0.333333333333333
paucaSA,0.333333333333333
paucaSA,0.333333333333333
paucaSA,0.333333333333333
paucaSA,0.333333333333333
paucaSA,0.333333333333333
paucaSA,0.333333333333333
paucaSA,0.333333333333333
paucaSA,0.333333333333333
paucaSA,0
paucaSA,0.333333333333333
paucaSA,0.333333333333333
paucaSA,0.8
paucaSA,0
paucaSA,0.333333333333333
paucaSA,0
paucaSA,0.333333333333333
paucaSA,0.6
paucaSA,0.333333333333333
paucaSA,0.333333333333333
paucaSA,0.333333333333333
paucaSA,0
paucaSA,0.333333333333333
paucaSA,0
paucaSA,0.333333333333333
paucaSA,0.333333333333333
paucaSA,0.333333333333333
paucaSA,0.333333333333333
paucaSA,0.333333333333333
paucaSA,0
paucaSA,0
paucaSA,0
paucaSA,0.333333333333333
paucaSA,0
paucaSA,0.333333333333333
paucaSA,0
paucaSA,0.333333333333333
paucaSA,0
paucaSA,0
paucaSA,0.333333333333333
paucaSA,0.333333333333333
paucaSA,0.333333333333333
paucaSA,0
paucaSA,0
paucaSA,0
paucaSA,0
paucaSA,0
paucaSA,0.333333333333333
paucaSA,0.333333333333333
paucaSA,0.333333333333333
paucaSA,0.333333333333333
paucaSA,0.333333333333333
paucaSA,0.333333333333333
paucaSA,0.333333333333333
paucaSA,0.333333333333333
paucaSA,0.333333333333333
paucaSA,0.333333333333333
paucaSA,0.333333333333333
paucaSA,0.333333333333333
paucaSA,0
paucaSA,0.333333333333333
paucaSA,0.333333333333333
paucaSA,0.333333333333333
paucaSA,0
paucaSA,0
paucaSA,0.333333333333333
paucaSA,0
paucaSA,0
paucaSA,0
paucaSA,0
paucaSA,0
paucaSA,0.333333333333333
paucaSA,0.333333333333333
paucaSA,0
paucaSA,0
paucaSA,0
paucaSA,0
paucaSA,0.333333333333333
paucaSA,0.333333333333333
paucaSA,0.333333333333333
paucaSA,0.333333333333333
paucaSA,0.333333333333333
paucaSA,0.333333333333333
paucaSA,0.333333333333333
paucaSA,0.333333333333333
paucaSA,0.333333333333333
paucaSA,0.333333333333333
paucaSA,0
paucaSA,0
paucaSA,0
paucaSA,0
paucaSA,0
paucaSA,0
paucaSA,0.333333333333333
paucaSA,0.333333333333333
paucaSA,0
paucaSA,0.333333333333333
paucaSA,0.333333333333333
paucaSA,0
paucaSA,0
paucaSA,0.333333333333333
paucaSA,0
paucaSA,0.333333333333333
paucaSA,0.333333333333333
paucaSA,0
paucaSA,0
paucaSA,0
paucaSA,0
paucaSA,0
paucaSA,0
paucaSA,0
paucaSA,0
paucaSA,0.333333333333333
paucaSA,0.333333333333333
paucaSA,0.333333333333333
paucaSA,0.333333333333333
paucaSA,0.333333333333333
paucaSA,0.333333333333333
paucaSA,0.6
paucaSA,0.333333333333333
paucaSA,0.6
paucaSA,0.6
paucaSA,0.333333333333333
paucaSA,0.333333333333333
paucaSA,0.6
paucaSA,0.333333333333333
paucaSA,0.333333333333333
paucaSA,0
paucaSA,0.333333333333333
paucaSA,0
paucaSA,0.333333333333333
paucaSA,0
paucaSA,0
paucaSA,0
paucaSA,0.333333333333333
paucaSA,0.333333333333333
paucaSA,0
paucaSA,0
paucaSA,0.333333333333333
paucaSA,0
paucaSA,0
paucaSA,0.333333333333333
paucaSA,0.333333333333333
paucaSA,0
paucaSA,0.333333333333333
paucaSA,0.333333333333333
paucaSA,0.6
paucaSA,0.6
paucaSA,0.6
paucaSA,0.6
paucaSA,0.333333333333333
paucaSA,0.333333333333333
paucaSA,0
paucaSA,0.333333333333333
paucaSA,0.333333333333333
paucaSA,0.6
paucaSA,0
paucaSA,0.333333333333333
paucaSA,0.333333333333333
paucaSA,0.333333333333333
paucaSA,0.333333333333333
paucaSA,0.333333333333333
paucaSA,0.333333333333333
paucaSA,0.333333333333333
paucaSA,0.333333333333333
paucaSA,0
paucaSA,0.333333333333333
paucaSA,0.6
paucaSA,0.333333333333333
paucaSA,0.333333333333333
paucaSA,0.333333333333333
paucaSA,0.333333333333333
paucaSA,0.333333333333333
paucaSA,0
paucaSA,0.333333333333333
paucaSA,0.333333333333333
paucaSA,0.333333333333333
paucaSA,0.333333333333333
paucaSA,0.333333333333333
paucaSA,0.333333333333333
paucaSA,0.6
paucaSA,0
paucaSA,0
paucaSA,0
paucaSA,0
paucaSA,0
paucaSA,0.333333333333333
paucaSA,0.333333333333333
paucaSA,0.333333333333333
paucaSA,0.333333333333333
paucaSA,0.333333333333333
paucaSA,0.333333333333333
paucaSA,0.333333333333333
paucaSA,0.333333333333333
paucaSA,0.333333333333333
paucaSA,0
paucaSA,0.333333333333333
paucaSA,0
paucaSA,0.333333333333333
paucaSA,0.333333333333333
paucaSA,0.333333333333333
paucaSA,0.333333333333333
paucaSA,0.333333333333333
paucaSA,0
paucaSA,0
paucaSA,0.333333333333333
paucaSA,0.333333333333333
paucaSA,0.333333333333333
paucaSA,0.333333333333333
paucaSA,0.333333333333333
paucaSA,0.333333333333333
paucaSA,0.333333333333333
paucaSA,0.6
paucaSA,0.333333333333333
paucaSA,0.333333333333333
paucaSA,0.333333333333333
paucaSA,0.333333333333333
paucaSA,0.333333333333333
paucaSA,0.333333333333333
paucaSA,0
paucaSA,0.333333333333333
paucaSA,0
paucaSA,0
paucaSA,0.333333333333333
paucaSA,0.333333333333333
paucaSA,0
paucaSA,0
paucaSA,0.333333333333333
paucaSA,0.333333333333333
paucaSA,0.333333333333333
paucaSA,0.333333333333333
paucaSA,0.333333333333333
paucaSA,0.333333333333333
paucaSA,0.333333333333333
paucaSA,0.333333333333333
paucaSA,0.333333333333333
paucaSA,0.333333333333333
paucaSA,0
paucaSA,0.333333333333333
paucaSA,0.333333333333333
paucaSA,0.333333333333333
paucaSA,0.333333333333333
paucaSA,0.333333333333333
paucaSA,0.333333333333333
paucaSA,0
paucaSA,0
paucaSA,0.333333333333333
paucaSA,0
paucaSA,0.333333333333333
paucaSA,0.333333333333333
paucaSA,0.333333333333333
paucaSA,0.333333333333333
paucaSA,0.333333333333333
paucaSA,0.333333333333333
paucaSA,0.333333333333333
paucaSA,0.333333333333333
paucaSA,0.333333333333333
paucaSA,0
paucaSA,0.333333333333333
paucaSA,0.333333333333333
paucaSA,0.333333333333333
paucaSA,0.333333333333333
paucaSA,0.333333333333333
paucaSA,0
paucaSA,0
paucaSA,0
paucaSA,0
paucaSA,0
paucaSA,0.333333333333333
paucaSA,0.333333333333333
paucaSA,0
paucaSA,0
paucaSA,0
paucaSA,0
paucaSA,0
paucaSA,0.333333333333333
paucaSA,0.333333333333333
paucaSA,0.333333333333333
paucaSA,0.333333333333333
paucaSA,0.333333333333333
paucaSA,0.333333333333333
paucaSA,0.333333333333333
paucaSA,0.333333333333333
paucaSA,0.333333333333333
paucaSA,0
paucaSA,0.333333333333333
paucaSA,0.333333333333333
paucaSA,0.333333333333333
paucaSA,0.333333333333333
paucaSA,0
paucaSA,0.333333333333333
paucaSA,0
paucaSA,0.333333333333333
paucaSA,0.333333333333333
paucaSA,0
paucaSA,0.333333333333333
paucaSA,0.333333333333333
paucaSA,0.333333333333333
paucaSA,0
paucaSA,0.333333333333333
paucaSA,0
paucaSA,0.333333333333333
paucaSA,0.6
paucaSA,0.333333333333333
paucaSA,0
paucaSA,0.333333333333333
paucaSA,0.333333333333333
paucaSA,0
paucaSA,0.333333333333333
paucaSA,0
paucaSA,0.333333333333333
paucaSA,0.333333333333333
paucaSA,0.333333333333333
paucaSA,0
paucaSA,0
paucaSA,0.333333333333333
paucaSA,0.333333333333333
paucaSA,0
paucaSA,0
paucaSA,0.333333333333333
paucaSA,0.333333333333333
paucaSA,0
paucaSA,0.333333333333333
paucaSA,0.333333333333333
paucaSA,0.333333333333333
paucaSA,0.333333333333333
paucaSA,0.333333333333333
paucaSA,0.333333333333333
paucaSA,0.333333333333333
paucaSA,0.333333333333333
paucaSA,0.333333333333333
paucaSA,0
paucaSA,0.333333333333333
paucaSA,0.333333333333333
paucaSA,0.333333333333333
paucaSA,0.333333333333333
paucaSA,0.333333333333333
paucaSA,0.333333333333333
paucaSA,0
paucaSA,0
paucaSA,0.333333333333333
paucaSA,0.6
paucaSA,0.6
paucaSA,0.6
paucaSA,0.6
paucaSA,0.533333333333333
paucaSA,0.6
paucaSA,0.333333333333333
paucaSA,0
paucaSA,0.333333333333333
paucaSA,0.333333333333333
paucaSA,0.333333333333333
paucaSA,0.333333333333333
paucaSA,0.333333333333333
paucaSA,0
paucaSA,0.333333333333333
paucaSA,0
paucaSA,0.333333333333333
paucaSA,0.333333333333333
paucaSA,0.333333333333333
paucaSA,0.333333333333333
paucaSA,0.333333333333333
paucaSA,0.333333333333333
paucaSA,0.333333333333333
paucaSA,0.333333333333333
paucaSA,0.333333333333333
paucaSA,0.333333333333333
paucaSA,0.333333333333333
paucaSA,0.333333333333333
paucaSA,0.333333333333333
paucaSA,0.333333333333333
paucaSA,0.333333333333333
paucaSA,0.333333333333333
paucaSA,0
paucaSA,0.333333333333333
paucaSA,0
paucaSA,0.333333333333333
paucaSA,0.333333333333333
paucaSA,0.333333333333333
paucaSA,0.333333333333333
paucaSA,0.333333333333333
paucaSA,0.333333333333333
paucaSA,0.333333333333333
paucaSA,0.333333333333333
paucaSA,0.333333333333333
paucaSA,0.333333333333333
paucaSA,0.333333333333333
paucaSA,0.333333333333333
paucaSA,0.333333333333333
paucaSA,0.333333333333333
paucaSA,0.333333333333333
paucaSA,0
paucaSA,0.333333333333333
paucaSA,0.333333333333333
paucaSA,0
paucaSA,0.333333333333333
paucaSA,0.333333333333333
paucaSA,0.333333333333333
paucaSA,0.333333333333333
paucaSA,0.333333333333333
paucaSA,0
paucaSA,0.333333333333333
paucaSA,0
paucaSA,0.333333333333333
paucaSA,0.333333333333333
paucaSA,0
paucaSA,0.533333333333333
paucaSA,0
paucaSA,0.333333333333333
paucaSA,0.333333333333333
paucaSA,0
paucaSA,0.333333333333333
paucaSA,0
paucaSA,0
paucaSA,0
paucaSA,0.333333333333333
paucaSA,0.333333333333333
paucaSA,0.333333333333333
paucaSA,0.333333333333333
paucaSA,0.333333333333333
paucaSA,0.6
paucaSA,0.333333333333333
paucaSA,0.333333333333333
paucaSA,0.333333333333333
paucaSA,0
paucaSA,0.333333333333333
paucaSA,0.333333333333333
paucaSA,0.333333333333333
paucaSA,0
paucaSA,0
paucaSA,0.333333333333333
paucaSA,0
paucaSA,0.333333333333333
paucaSA,0.333333333333333
paucaSA,0.333333333333333
paucaSA,0.333333333333333
paucaSA,0
paucaSA,0.333333333333333
paucaSA,0.333333333333333
paucaSA,0.333333333333333
paucaSA,0
paucaSA,0
paucaSA,0.333333333333333
paucaSA,0
paucaSA,0.333333333333333
paucaSA,0
paucaSA,0
paucaSA,0
paucaSA,0.333333333333333
paucaSA,0
paucaSA,0
paucaSA,0
paucaSA,0
paucaSA,0
paucaSA,0.333333333333333
paucaSA,0
paucaSA,0
paucaSA,0.333333333333333
paucaSA,0.333333333333333
paucaSA,0
paucaSA,0.333333333333333
paucaSA,0
paucaSA,0
paucaSA,0
paucaSA,0.333333333333333
paucaSA,0.333333333333333
paucaSA,0
paucaSA,0
paucaSA,0
paucaSA,0.333333333333333
paucaSA,0.333333333333333
paucaSA,0.333333333333333
paucaSA,0.333333333333333
paucaSA,0
paucaSA,0
paucaSA,0.333333333333333
paucaSA,0.333333333333333
paucaSA,0
paucaSA,0
paucaSA,0
paucaSA,0.333333333333333
paucaSA,0
paucaSA,0.333333333333333
paucaSA,0
paucaSA,0.333333333333333
paucaSA,0
paucaSA,0.333333333333333
paucaSA,0
paucaSA,0
paucaSA,0
paucaSA,0
paucaSA,0
paucaSA,0.333333333333333
paucaSA,0.6
paucaSA,0
paucaSA,0
paucaSA,0.333333333333333
paucaSA,0.333333333333333
paucaSA,0
paucaSA,0
paucaSA,0.333333333333333
paucaSA,0
paucaSA,0.333333333333333
paucaSA,0
paucaSA,0
paucaSA,0.333333333333333
paucaSA,0.333333333333333
paucaSA,0
paucaSA,0.333333333333333
paucaSA,0.333333333333333
paucaSA,0.333333333333333
paucaSA,0.333333333333333
paucaSA,0.333333333333333
paucaSA,0.333333333333333
paucaSA,0
paucaSA,0
paucaSA,0
paucaSA,0
paucaSA,0.333333333333333
paucaSA,0.333333333333333
paucaSA,0
paucaSA,0.333333333333333
paucaSA,0.333333333333333
paucaSA,0.333333333333333
paucaSA,0
paucaSA,0.333333333333333
paucaSA,0.333333333333333
paucaSA,0
paucaSA,0.333333333333333
paucaSA,0.333333333333333
paucaSA,0.333333333333333
paucaSA,0.333333333333333
paucaSA,0
paucaSA,0.333333333333333
paucaSA,0.333333333333333
paucaSA,0.333333333333333
paucaSA,0.333333333333333
paucaSA,0.333333333333333
paucaSA,0
paucaSA,0
paucaSA,0.333333333333333
paucaSA,0.333333333333333
paucaSA,0.333333333333333
paucaSA,0.333333333333333
paucaSA,0.333333333333333
paucaSA,0.6
paucaSA,0.333333333333333
paucaSA,0.333333333333333
paucaSA,0.333333333333333
paucaSA,0.333333333333333
paucaSA,0.333333333333333
paucaSA,0.333333333333333
paucaSA,0.333333333333333
paucaSA,0.333333333333333
paucaSA,0.6
paucaSA,0.6
paucaSA,0.333333333333333
paucaSA,0
paucaSA,0.333333333333333
paucaSA,0.333333333333333
paucaSA,0
paucaSA,0.333333333333333
paucaSA,0
paucaSA,0
paucaSA,0.333333333333333
paucaSA,0.333333333333333
paucaSA,0.333333333333333
paucaSA,0.333333333333333
paucaSA,0
paucaSA,0.333333333333333
paucaSA,0
paucaSA,0.333333333333333
paucaSA,0.333333333333333
paucaSA,0.333333333333333
paucaSA,0.333333333333333
paucaSA,0.333333333333333
paucaSA,0.333333333333333
paucaSA,0
paucaSA,0
paucaSA,0.333333333333333
paucaSA,0.333333333333333
paucaSA,0
paucaSA,0
paucaSA,0.333333333333333
paucaSA,0
paucaSA,0.333333333333333
paucaSA,0
paucaSA,0
paucaSA,0
paucaSA,0
paucaSA,0
paucaSA,0.6
paucaSA,0.333333333333333
paucaSA,0.333333333333333
paucaSA,0
paucaSA,0.333333333333333
paucaSA,0.333333333333333
paucaSA,0.333333333333333
paucaSA,0.333333333333333
paucaSA,0.333333333333333
paucaSA,0.6
paucaSA,0
paucaSA,0.333333333333333
paucaSA,0.333333333333333
paucaSA,0.333333333333333
paucaSA,0
paucaSA,0.333333333333333
paucaSA,0.333333333333333
paucaSA,0.333333333333333
paucaSA,0.333333333333333
paucaSA,0.333333333333333
paucaSA,0.333333333333333
paucaSA,0.333333333333333
paucaSA,0.333333333333333
paucaSA,0.333333333333333
paucaSA,0.333333333333333
paucaSA,0.333333333333333
paucaSA,0.333333333333333
paucaSA,0
paucaSA,0.333333333333333
paucaSA,0
paucaSA,0.333333333333333
paucaSA,0
paucaSA,0
paucaSA,0
paucaSA,0.333333333333333
paucaSA,0.333333333333333
paucaSA,0.333333333333333
paucaSA,0.333333333333333
paucaSA,0
paucaSA,0
paucaSA,0
paucaSA,0.333333333333333
paucaSA,0
paucaSA,0
paucaSA,0
paucaSA,0.333333333333333
paucaSA,0.333333333333333
paucaSA,0.333333333333333
paucaSA,0.333333333333333
paucaSA,0.333333333333333
paucaSA,0.333333333333333
paucaSA,0
paucaSA,0.333333333333333
paucaSA,0.333333333333333
paucaSA,0.333333333333333
paucaSA,0.333333333333333
paucaSA,0.333333333333333
paucaSA,0.333333333333333
paucaSA,0.333333333333333
paucaSA,0.333333333333333
paucaSA,0.333333333333333
paucaSA,0
paucaSA,0
paucaSA,0
paucaSA,0.333333333333333
paucaSA,0.333333333333333
paucaSA,0
paucaSA,0
paucaSA,0
paucaSA,0.333333333333333
paucaSA,0
paucaSA,0.333333333333333
paucaSA,0
paucaSA,0.333333333333333
paucaSA,0.333333333333333
paucaSA,0
paucaSA,0.333333333333333
paucaSA,0.333333333333333
paucaSA,0.333333333333333
paucaSA,0.333333333333333
paucaSA,0.333333333333333
paucaSA,0.333333333333333
paucaSA,0.333333333333333
paucaSA,0.333333333333333
paucaSA,0.333333333333333
paucaSA,0.333333333333333
paucaSA,0
paucaSA,0
paucaSA,0.333333333333333
paucaSA,0
paucaSA,0
paucaSA,0
paucaSA,0.333333333333333
paucaSA,0
paucaSA,0
paucaSA,0
paucaSA,0
paucaSA,0
paucaSA,0
paucaSA,0
paucaSA,0
paucaSA,0
paucaSA,0
paucaSA,0
paucaSA,0
paucaSA,0
paucaSA,0.333333333333333
paucaSA,0.333333333333333
paucaSA,0
paucaSA,0.333333333333333
paucaSA,0
paucaSA,0.333333333333333
paucaSA,0
paucaSA,0.333333333333333
paucaSA,0.333333333333333
paucaSA,0.333333333333333
paucaSA,0
paucaSA,0
paucaSA,0
paucaSA,0
paucaSA,0
paucaSA,0.333333333333333
paucaSA,0
paucaSA,0.333333333333333
paucaSA,0.333333333333333
paucaSA,0.6
paucaSA,0
paucaSA,0.6
paucaSA,0.6
paucaSA,0.333333333333333
paucaSA,0
paucaSA,0.333333333333333
paucaSA,0
paucaSA,0.333333333333333
paucaSA,0.333333333333333
paucaSA,0
paucaSA,0
paucaSA,0.333333333333333
paucaSA,0.333333333333333
paucaSA,0
paucaSA,0.333333333333333
paucaSA,0
paucaSA,0
paucaSA,0.6
paucaSA,0
paucaSA,0
paucaSA,0.333333333333333
paucaSA,0.333333333333333
paucaSA,0.333333333333333
paucaSA,0
paucaSA,0
paucaSA,0.333333333333333
paucaSA,0.333333333333333
paucaSA,0.333333333333333
paucaSA,0
paucaSA,0.333333333333333
paucaSA,0
paucaSA,0
paucaSA,0.333333333333333
paucaSA,0
paucaSA,0
paucaSA,0.333333333333333
paucaSA,0.333333333333333
paucaSA,0.333333333333333
paucaSA,0.333333333333333
paucaSA,0.333333333333333
paucaSA,0.333333333333333
paucaSA,0.333333333333333
paucaSA,0.333333333333333
paucaSA,0
paucaSA,0.333333333333333
paucaSA,0
paucaSA,0.333333333333333
paucaSA,0.333333333333333
paucaSA,0.333333333333333
paucaSA,0.333333333333333
paucaSA,0.333333333333333
paucaSA,0.333333333333333
paucaSA,0.333333333333333
paucaSA,0.333333333333333
paucaSA,0.333333333333333
paucaSA,0
paucaSA,0
paucaSA,0
paucaSA,0
paucaSA,0
paucaSA,0.333333333333333
paucaSA,0
paucaSA,0.333333333333333
paucaSA,0.333333333333333
paucaSA,0.333333333333333
paucaSA,0.333333333333333
paucaSA,0.333333333333333
paucaSA,0.333333333333333
paucaSA,0.6
paucaSA,0.333333333333333
paucaSA,0.333333333333333
paucaSA,0
paucaSA,0.333333333333333
paucaSA,0.333333333333333
paucaSA,0.333333333333333
paucaSA,0.333333333333333
paucaSA,0.333333333333333
paucaSA,0
paucaSA,0.333333333333333
paucaSA,0.333333333333333
paucaSA,0
paucaSA,0.333333333333333
paucaSA,0
paucaSA,0
paucaSA,0
paucaSA,0.333333333333333
paucaSA,0
paucaSA,0.333333333333333
paucaSA,0.333333333333333
paucaSA,0.333333333333333
paucaSA,0
paucaSA,0.333333333333333
paucaSA,0.333333333333333
paucaSA,0.333333333333333
paucaSA,0.333333333333333
paucaSA,0.333333333333333
paucaSA,0.333333333333333
paucaSA,0.333333333333333
paucaSA,0.333333333333333
paucaSA,0.333333333333333
paucaSA,0.6
paucaSA,0.333333333333333
paucaSA,0.333333333333333
paucaSA,0.333333333333333
paucaSA,0
paucaSA,0.333333333333333
paucaSA,0.333333333333333
paucaSA,0.333333333333333
paucaSA,0.333333333333333
paucaSA,0.333333333333333
paucaSA,0.333333333333333
paucaSA,0.333333333333333
paucaSA,0.333333333333333
paucaSA,0.333333333333333
paucaSA,0.333333333333333
paucaSA,0.333333333333333
paucaSA,0
paucaSA,0
paucaSA,0
paucaSA,0
paucaSA,0
paucaSA,0.333333333333333
paucaSA,0
paucaSA,0
paucaSA,0.333333333333333
paucaSA,0.333333333333333
paucaSA,0
paucaSA,0.333333333333333
paucaSA,0
paucaSA,0.333333333333333
paucaSA,0.333333333333333
paucaSA,0.333333333333333
paucaSA,0.333333333333333
paucaSA,0.333333333333333
paucaSA,0.333333333333333
paucaSA,0
paucaSA,0.333333333333333
paucaSA,0.333333333333333
paucaSA,0.333333333333333
paucaSA,0.333333333333333
paucaSA,0.333333333333333
paucaSA,0.333333333333333
paucaSA,0.333333333333333
paucaSA,0.333333333333333
paucaSA,0
paucaSA,0
paucaSA,0
paucaSA,0
paucaSA,0.333333333333333
paucaSA,0
paucaSA,0.333333333333333
paucaSA,0.333333333333333
paucaSA,0.333333333333333
paucaSA,0.333333333333333
paucaSA,0
paucaSA,0
paucaSA,0.333333333333333
paucaSA,0
paucaSA,0
paucaSA,0
paucaSA,0.333333333333333
paucaSA,0
paucaSA,0
paucaSA,0.333333333333333
paucaSA,0.333333333333333
paucaSA,0.333333333333333
paucaSA,0
paucaSA,0
paucaSA,0
paucaSA,0
paucaSA,0
paucaSA,0.333333333333333
paucaSA,0
paucaSA,0
paucaSA,0
paucaSA,0
paucaSA,0
paucaSA,0
paucaSA,0
paucaSA,0
paucaSA,0
paucaSA,0
paucaSA,0
paucaSA,0
paucaSA,0
paucaSA,0.333333333333333
paucaSA,0
paucaSA,0
paucaSA,0
paucaSA,0.333333333333333
paucaSA,0.333333333333333
paucaSA,0.333333333333333
paucaSA,0
paucaSA,0
paucaSA,0
paucaSA,0
paucaSA,0
paucaSA,0
paucaSA,0.333333333333333
paucaSA,0
paucaSA,0.333333333333333
paucaSA,0
paucaSA,0.333333333333333
paucaSA,0.333333333333333
paucaSA,0
paucaSA,0
paucaSA,0.333333333333333
paucaSA,0
paucaSA,0
paucaSA,0.333333333333333
paucaSA,0.333333333333333
paucaSA,0
paucaSA,0.333333333333333
paucaSA,0
paucaSA,0
paucaSA,0
paucaSA,0
paucaSA,0.333333333333333
paucaSA,0.6
paucaSA,0.6
paucaSA,0.6
paucaSA,0.6
paucaSA,0.6
paucaSA,0.6
paucaSA,0.6
paucaSA,0.6
paucaSA,0.6
paucaSA,0.6
paucaSA,0
paucaSA,0.333333333333333
paucaSA,0.333333333333333
paucaSA,0.333333333333333
paucaSA,0.333333333333333
paucaSA,0
paucaSA,0.333333333333333
paucaSA,0
paucaSA,0
paucaSA,0
paucaSA,0
paucaSA,0.333333333333333
paucaSA,0
paucaSA,0
paucaSA,0.333333333333333
paucaSA,0.333333333333333
paucaSA,0.333333333333333
paucaSA,0.333333333333333
paucaSA,0.333333333333333
paucaSA,0
paucaSA,0.333333333333333
paucaSA,0.333333333333333
paucaSA,0.333333333333333
paucaSA,0.333333333333333
paucaSA,0
paucaSA,0
paucaSA,0.333333333333333
paucaSA,0.333333333333333
paucaSA,0.333333333333333
paucaSA,0
paucaSA,0.333333333333333
paucaSA,0.333333333333333
paucaSA,0.333333333333333
paucaSA,0.333333333333333
paucaSA,0.333333333333333
paucaSA,0
paucaSA,0.333333333333333
paucaSA,0.333333333333333
paucaSA,0.333333333333333
paucaSA,0.333333333333333
paucaSA,0.333333333333333
paucaSA,0.333333333333333
paucaSA,0
paucaSA,0
paucaSA,0.333333333333333
paucaSA,0.333333333333333
paucaSA,0.333333333333333
paucaSA,0.333333333333333
paucaSA,0.333333333333333
paucaSA,0
paucaSA,0.333333333333333
paucaSA,0
paucaSA,0
paucaSA,0
paucaSA,0
paucaSA,0.333333333333333
paucaSA,0.333333333333333
paucaSA,0
paucaSA,0.333333333333333
paucaSA,0
paucaSA,0.333333333333333
paucaSA,0.333333333333333
paucaSA,0.333333333333333
paucaSA,0.333333333333333
paucaSA,0
paucaSA,0
paucaSA,0.333333333333333
paucaSA,0.333333333333333
paucaSA,0.333333333333333
paucaSA,0.6
paucaSA,0.8
paucaSA,0.6
paucaSA,0
paucaSA,0.333333333333333
paucaSA,0.333333333333333
paucaSA,0.333333333333333
paucaSA,0
paucaSA,0
paucaSA,0.333333333333333
paucaSA,0
paucaSA,0
paucaSA,0
paucaSA,0
paucaSA,0.333333333333333
paucaSA,0
paucaSA,0
paucaSA,0
paucaSA,0.333333333333333
paucaSA,0
paucaSA,0.333333333333333
paucaSA,0
paucaSA,0.333333333333333
paucaSA,0.333333333333333
paucaSA,0
paucaSA,0
paucaSA,0.333333333333333
paucaSA,0
paucaSA,0.333333333333333
paucaSA,0
paucaSA,0.333333333333333
paucaSA,0.333333333333333
paucaSA,0
paucaSA,0.333333333333333
paucaSA,0
paucaSA,0
paucaSA,0
paucaSA,0.333333333333333
paucaSA,0.333333333333333
paucaSA,0
paucaSA,0.333333333333333
paucaSA,0
paucaSA,0.333333333333333
paucaSA,0
paucaSA,0.333333333333333
paucaSA,0.333333333333333
paucaSA,0.333333333333333
paucaSA,0
paucaSA,0.333333333333333
paucaSA,0.333333333333333
paucaSA,0.333333333333333
paucaSA,0
paucaSA,0.333333333333333
paucaSA,0.333333333333333
paucaSA,0.333333333333333
paucaSA,0.333333333333333
paucaSA,0
paucaSA,0
paucaSA,0
paucaSA,0.333333333333333
paucaSA,0
paucaSA,0.333333333333333
paucaSA,0.333333333333333
paucaSA,0.333333333333333
paucaSA,0
paucaSA,0
paucaSA,0
paucaSA,0.333333333333333
paucaSA,0.333333333333333
paucaSA,0
paucaSA,0.333333333333333
paucaSA,0
paucaSA,0
paucaSA,0
paucaSA,0.333333333333333
paucaSA,0.333333333333333
paucaSA,0
paucaSA,0
paucaSA,0
paucaSA,0
paucaSA,0.333333333333333
paucaSA,0.333333333333333
paucaSA,0
paucaSA,0
paucaSA,0.333333333333333
paucaSA,0.333333333333333
paucaSA,0.333333333333333
paucaSA,0
paucaSA,0.333333333333333
paucaSA,0.333333333333333
paucaSA,0
paucaSA,0.333333333333333
paucaSA,0.333333333333333
paucaSA,0
paucaSA,0.333333333333333
paucaSA,0
paucaSA,0
paucaSA,0
paucaSA,0.333333333333333
paucaSA,0
paucaSA,0
paucaSA,0.333333333333333
paucaSA,0
paucaSA,0.333333333333333
paucaSA,0.333333333333333
paucaSA,0.333333333333333
paucaSA,0.333333333333333
paucaSA,0.6
paucaSA,0.333333333333333
paucaSA,0
paucaSA,0.333333333333333
paucaSA,0.333333333333333
paucaSA,0.333333333333333
paucaSA,0.6
paucaSA,0.333333333333333
paucaSA,0.333333333333333
paucaSA,0
paucaSA,0.333333333333333
paucaSA,0.333333333333333
paucaSA,0.333333333333333
paucaSA,0.333333333333333
paucaSA,0.333333333333333
paucaSA,0.333333333333333
paucaSA,0.333333333333333
paucaSA,0.333333333333333
paucaSA,0.333333333333333
paucaSA,0
paucaSA,0.333333333333333
paucaSA,0.333333333333333
paucaSA,0
paucaSA,0.333333333333333
paucaSA,0
paucaSA,0
paucaSA,0.6
paucaSA,0.333333333333333
paucaSA,0.333333333333333
paucaSA,0.333333333333333
paucaSA,0.333333333333333
paucaSA,0.333333333333333
paucaSA,0
paucaSA,0.333333333333333
paucaSA,0.333333333333333
paucaSA,0.333333333333333
paucaSA,0.333333333333333
paucaSA,0.6
paucaSA,0.333333333333333
paucaSA,0.333333333333333
paucaSA,0.333333333333333
paucaSA,0.333333333333333
paucaSA,0.333333333333333
paucaSA,0.333333333333333
paucaSA,0.333333333333333
paucaSA,0
paucaSA,0
paucaSA,0.6
paucaSA,0.333333333333333
paucaSA,0
paucaSA,0.333333333333333
paucaSA,0
paucaSA,0.333333333333333
paucaSA,0.333333333333333
paucaSA,0.333333333333333
paucaSA,0.6
paucaSA,0
paucaSA,0.333333333333333
paucaSA,0.333333333333333
paucaSA,0
paucaSA,0
paucaSA,0.333333333333333
paucaSA,0.333333333333333
paucaSA,0.333333333333333
paucaSA,0.333333333333333
paucaSA,0.333333333333333
paucaSA,0
paucaSA,0.333333333333333
paucaSA,0.333333333333333
paucaSA,0.333333333333333
paucaSA,0
paucaSA,0.333333333333333
paucaSA,0
paucaSA,0
paucaSA,0.6
paucaSA,0.333333333333333
paucaSA,0.333333333333333
paucaSA,0
paucaSA,0
paucaSA,0.333333333333333
paucaSA,0
paucaSA,0.333333333333333
paucaSA,0
paucaSA,0.333333333333333
paucaSA,0
paucaSA,0
paucaSA,0.333333333333333
paucaSA,0
paucaSA,0
paucaSA,0.333333333333333
paucaSA,0.333333333333333
paucaSA,0.333333333333333
paucaSA,0
paucaSA,0
paucaSA,0.333333333333333
paucaSA,0.333333333333333
paucaSA,0
paucaSA,0.333333333333333
paucaSA,0.333333333333333
paucaSA,0.333333333333333
paucaSA,0.333333333333333
paucaSA,0.333333333333333
paucaSA,0.333333333333333
paucaSA,0.333333333333333
paucaSA,0
paucaSA,0
paucaSA,0.333333333333333
paucaSA,0
paucaSA,0.333333333333333
paucaSA,0
paucaSA,0.333333333333333
paucaSA,0.6
paucaSA,0
paucaSA,0.333333333333333
paucaSA,0.333333333333333
paucaSA,0
paucaSA,0
paucaSA,0.333333333333333
paucaSA,0
paucaSA,0.333333333333333
paucaSA,0
paucaSA,0
paucaSA,0.333333333333333
paucaSA,0
paucaSA,0
paucaSA,0.333333333333333
paucaSA,0.333333333333333
paucaSA,0
paucaSA,0.333333333333333
paucaSA,0.333333333333333
paucaSA,0.333333333333333
paucaSA,0.333333333333333
paucaSA,0.333333333333333
paucaSA,0.333333333333333
paucaSA,0.333333333333333
paucaSA,0
paucaSA,0
paucaSA,0
paucaSA,0.333333333333333
paucaSA,0.333333333333333
paucaSA,0.333333333333333
paucaSA,0.333333333333333
paucaSA,0.333333333333333
paucaSA,0.333333333333333
paucaSA,0
paucaSA,0
paucaSA,0
paucaSA,0
paucaSA,0.333333333333333
paucaSA,0.333333333333333
multiplex,0.516666666666667
multiplex,0.125
multiplex,0.241666666666667
multiplex,0.458333333333333
multiplex,0.541666666666667
multiplex,0.641666666666667
multiplex,0.441666666666667
multiplex,0.125
multiplex,0
multiplex,0
multiplex,0.575
multiplex,0.533333333333333
multiplex,0.491666666666667
multiplex,0.458333333333333
multiplex,0.516666666666667
multiplex,0.458333333333333
multiplex,0.125
multiplex,0.775
multiplex,0.541666666666667
multiplex,0.325
multiplex,0
multiplex,0.125
multiplex,0.783333333333333
multiplex,0.741666666666667
multiplex,0.35
multiplex,0.825
multiplex,0.491666666666667
multiplex,0.125
multiplex,0.791666666666667
multiplex,0.45
multiplex,0.8
multiplex,0
multiplex,0.35
multiplex,0
multiplex,0
multiplex,0.458333333333333
multiplex,0.241666666666667
multiplex,0.541666666666667
multiplex,0
multiplex,0.125
multiplex,0.525
multiplex,0
multiplex,0.125
multiplex,0
multiplex,0
multiplex,0.45
multiplex,0.341666666666667
multiplex,0
multiplex,0.125
multiplex,0.241666666666667
multiplex,0.241666666666667
multiplex,0.125
multiplex,0.491666666666667
multiplex,0.791666666666667
multiplex,0.425
multiplex,0.125
multiplex,0.125
multiplex,0.725
multiplex,0.241666666666667
multiplex,0
multiplex,0.725
multiplex,0.125
multiplex,0.45
multiplex,0.125
multiplex,0.4
multiplex,0
multiplex,0.458333333333333
multiplex,0.325
multiplex,0.125
multiplex,0
multiplex,0
multiplex,0.683333333333333
multiplex,0.608333333333333
multiplex,0.441666666666667
multiplex,0
multiplex,0.35
multiplex,0
multiplex,0.458333333333333
multiplex,0
multiplex,0.441666666666667
multiplex,0.125
multiplex,0.458333333333333
multiplex,0
multiplex,0.341666666666667
multiplex,0.85
multiplex,0.35
multiplex,0.125
multiplex,0.708333333333333
multiplex,0.125
multiplex,0.425
multiplex,0.241666666666667
multiplex,0.458333333333333
multiplex,0.125
multiplex,0.341666666666667
multiplex,0.241666666666667
multiplex,0.35
multiplex,0
multiplex,0.35
multiplex,0.441666666666667
multiplex,0.533333333333333
multiplex,0.125
multiplex,0.458333333333333
multiplex,0
multiplex,0
multiplex,0.458333333333333
multiplex,0.125
multiplex,0.641666666666667
multiplex,0.808333333333333
multiplex,0.533333333333333
multiplex,0.125
multiplex,0.125
multiplex,0
multiplex,0
multiplex,0
multiplex,0.233333333333333
multiplex,0.733333333333333
multiplex,0.733333333333333
multiplex,0.816666666666667
multiplex,0.4
multiplex,0.241666666666667
multiplex,0.85
multiplex,0.641666666666667
multiplex,0.516666666666667
multiplex,0.675
multiplex,0.633333333333333
multiplex,0.725
multiplex,0.65
multiplex,0.783333333333333
multiplex,0.125
multiplex,0.458333333333333
multiplex,0.741666666666667
multiplex,0.125
multiplex,0.541666666666667
multiplex,0.566666666666667
multiplex,0.491666666666667
multiplex,0.525
multiplex,0.125
multiplex,0.233333333333333
multiplex,0
multiplex,0.458333333333333
multiplex,0.516666666666667
multiplex,0.575
multiplex,0.35
multiplex,0.125
multiplex,0.241666666666667
multiplex,0.233333333333333
multiplex,0.125
multiplex,0.641666666666667
multiplex,0
multiplex,0
multiplex,0.241666666666667
multiplex,0.241666666666667
multiplex,0.525
multiplex,0.35
multiplex,0.233333333333333
multiplex,0.441666666666667
multiplex,0.341666666666667
multiplex,0.125
multiplex,0.341666666666667
multiplex,0.533333333333333
multiplex,0.125
multiplex,0.441666666666667
multiplex,0.241666666666667
multiplex,0.125
multiplex,0.241666666666667
multiplex,0.425
multiplex,0.458333333333333
multiplex,0.125
multiplex,0.125
multiplex,0.233333333333333
multiplex,0.4
multiplex,0
multiplex,0.575
multiplex,0.441666666666667
multiplex,0.241666666666667
multiplex,0.125
multiplex,0.125
multiplex,0.125
multiplex,0.458333333333333
multiplex,0.241666666666667
multiplex,0.125
multiplex,0
multiplex,0.35
multiplex,0
multiplex,0.241666666666667
multiplex,0.716666666666667
multiplex,0
multiplex,0.491666666666667
multiplex,0.4
multiplex,0.491666666666667
multiplex,0.241666666666667
multiplex,0.125
multiplex,0.125
multiplex,0.233333333333333
multiplex,0.125
multiplex,0.541666666666667
multiplex,0.341666666666667
multiplex,0
multiplex,0.458333333333333
multiplex,0.516666666666667
multiplex,0.125
multiplex,0
multiplex,0.4
multiplex,0.233333333333333
multiplex,0
multiplex,0.241666666666667
multiplex,0.45
multiplex,0.458333333333333
multiplex,0.575
multiplex,0.666666666666667
multiplex,0.425
multiplex,0.691666666666667
multiplex,0.233333333333333
multiplex,0.125
multiplex,0.125
multiplex,0.241666666666667
multiplex,0.441666666666667
multiplex,0.233333333333333
multiplex,0.433333333333333
multiplex,0.233333333333333
multiplex,0.35
multiplex,0.241666666666667
multiplex,0.125
multiplex,0.125
multiplex,0.341666666666667
multiplex,0.441666666666667
multiplex,0.7
multiplex,0.35
multiplex,0.241666666666667
multiplex,0.125
multiplex,0.516666666666667
multiplex,0.45
multiplex,0.125
multiplex,0.241666666666667
multiplex,0.45
multiplex,0.85
multiplex,0.125
multiplex,0
multiplex,0.766666666666667
multiplex,0.541666666666667
multiplex,0.533333333333333
multiplex,0.341666666666667
multiplex,0
multiplex,0.341666666666667
multiplex,0
multiplex,0.125
multiplex,0.35
multiplex,0.425
multiplex,0.125
multiplex,0.616666666666667
multiplex,0.341666666666667
multiplex,0.341666666666667
multiplex,0.541666666666667
multiplex,0.575
multiplex,0.125
multiplex,0.125
multiplex,0.616666666666667
multiplex,0.683333333333333
multiplex,0.125
multiplex,0.791666666666667
multiplex,0.683333333333333
multiplex,0.525
multiplex,0.125
multiplex,0.425
multiplex,0.241666666666667
multiplex,0.608333333333333
multiplex,0.616666666666667
multiplex,0.441666666666667
multiplex,0.683333333333333
multiplex,0.35
multiplex,0.491666666666667
multiplex,0.45
multiplex,0.45
multiplex,0.341666666666667
multiplex,0.35
multiplex,0.575
multiplex,0.241666666666667
multiplex,0.241666666666667
multiplex,0.766666666666667
multiplex,0.441666666666667
multiplex,0.125
multiplex,0.533333333333333
multiplex,0.125
multiplex,0.125
multiplex,0
multiplex,0.125
multiplex,0
multiplex,0
multiplex,0
multiplex,0
multiplex,0.125
multiplex,0.341666666666667
multiplex,0.125
multiplex,0
multiplex,0.458333333333333
multiplex,0.541666666666667
multiplex,0.325
multiplex,0
multiplex,0.241666666666667
multiplex,0
multiplex,0.525
multiplex,0.125
multiplex,0
multiplex,0.241666666666667
multiplex,0.541666666666667
multiplex,0.516666666666667
multiplex,0.491666666666667
multiplex,0.241666666666667
multiplex,0.441666666666667
multiplex,0.491666666666667
multiplex,0.241666666666667
multiplex,0
multiplex,0
multiplex,0.741666666666667
multiplex,0.491666666666667
multiplex,0
multiplex,0.4
multiplex,0.125
multiplex,0
multiplex,0.35
multiplex,0
multiplex,0.125
multiplex,0
multiplex,0.666666666666667
multiplex,0.233333333333333
multiplex,0.125
multiplex,0.458333333333333
multiplex,0
multiplex,0
multiplex,0.35
multiplex,0.125
multiplex,0.65
multiplex,0
multiplex,0
multiplex,0.241666666666667
multiplex,0.45
multiplex,0.125
multiplex,0.125
multiplex,0.125
multiplex,0.341666666666667
multiplex,0.125
multiplex,0.716666666666667
multiplex,0.125
multiplex,0.125
multiplex,0.516666666666667
multiplex,0.241666666666667
multiplex,0.4
multiplex,0.341666666666667
multiplex,0.541666666666667
multiplex,0.85
multiplex,0.683333333333333
multiplex,0.233333333333333
multiplex,0.45
multiplex,0.35
multiplex,0.325
multiplex,0.533333333333333
multiplex,0.125
multiplex,0.325
multiplex,0
multiplex,0.125
multiplex,0
multiplex,0.125
multiplex,0.566666666666667
multiplex,0.341666666666667
multiplex,0.616666666666667
multiplex,0.35
multiplex,0.45
multiplex,0.35
multiplex,0.491666666666667
multiplex,0.783333333333333
multiplex,0.858333333333333
multiplex,0.741666666666667
multiplex,0.783333333333333
multiplex,0.858333333333333
multiplex,0.241666666666667
multiplex,0.125
multiplex,0.125
multiplex,0.125
multiplex,0.125
multiplex,0.125
multiplex,0
multiplex,0.491666666666667
multiplex,0
multiplex,0.125
multiplex,0.125
multiplex,0
multiplex,0.458333333333333
multiplex,0.508333333333333
multiplex,0.616666666666667
multiplex,0.241666666666667
multiplex,0.125
multiplex,0.341666666666667
multiplex,0.241666666666667
multiplex,0.125
multiplex,0
multiplex,0
multiplex,0.425
multiplex,0.125
multiplex,0.233333333333333
multiplex,0.35
multiplex,0.233333333333333
multiplex,0.125
multiplex,0.858333333333333
multiplex,0
multiplex,0.691666666666667
multiplex,0.241666666666667
multiplex,0.441666666666667
multiplex,0.491666666666667
multiplex,0.491666666666667
multiplex,0.425
multiplex,0.541666666666667
multiplex,0.341666666666667
multiplex,0.233333333333333
multiplex,0.775
multiplex,0.733333333333333
multiplex,0.233333333333333
multiplex,0.233333333333333
multiplex,0.241666666666667
multiplex,0.241666666666667
multiplex,0.241666666666667
multiplex,0
multiplex,0.241666666666667
multiplex,0.241666666666667
multiplex,0.125
multiplex,0.683333333333333
multiplex,0.125
multiplex,0.441666666666667
multiplex,0.125
multiplex,0.35
multiplex,0
multiplex,0
multiplex,0.125
multiplex,0
multiplex,0
multiplex,0.458333333333333
multiplex,0
multiplex,0.125
multiplex,0.125
multiplex,0
multiplex,0.4
multiplex,0.758333333333333
multiplex,0.675
multiplex,0.683333333333333
multiplex,0.508333333333333
multiplex,0.125
multiplex,0.783333333333333
multiplex,0.458333333333333
multiplex,0.616666666666667
multiplex,0.716666666666667
multiplex,0.541666666666667
multiplex,0.516666666666667
multiplex,0.325
multiplex,0.35
multiplex,0.341666666666667
multiplex,0
multiplex,0.341666666666667
multiplex,0.241666666666667
multiplex,0.233333333333333
multiplex,0
multiplex,0.491666666666667
multiplex,0.441666666666667
multiplex,0.566666666666667
multiplex,0
multiplex,0.525
multiplex,0
multiplex,0.441666666666667
multiplex,0.516666666666667
multiplex,0.516666666666667
multiplex,0.541666666666667
multiplex,0.341666666666667
multiplex,0.125
multiplex,0.233333333333333
multiplex,0.241666666666667
multiplex,0.491666666666667
multiplex,0
multiplex,0.4
multiplex,0
multiplex,0
multiplex,0.525
multiplex,0.566666666666667
multiplex,0
multiplex,0
multiplex,0
multiplex,0
multiplex,0.608333333333333
multiplex,0.125
multiplex,0
multiplex,0.125
multiplex,0
multiplex,0.125
multiplex,0
multiplex,0
multiplex,0.85
multiplex,0.35
multiplex,0.125
multiplex,0.125
multiplex,0.241666666666667
multiplex,0.858333333333333
multiplex,0.733333333333333
multiplex,0.233333333333333
multiplex,0.525
multiplex,0.341666666666667
multiplex,0.691666666666667
multiplex,0.458333333333333
multiplex,0.125
multiplex,0.5
multiplex,0
multiplex,0.125
multiplex,0.441666666666667
multiplex,0.616666666666667
multiplex,0.458333333333333
multiplex,0.491666666666667
multiplex,0
multiplex,0.4
multiplex,0
multiplex,0.491666666666667
multiplex,0.458333333333333
multiplex,0.125
multiplex,0
multiplex,0
multiplex,0.125
multiplex,0.233333333333333
multiplex,0
multiplex,0.241666666666667
multiplex,0
multiplex,0.125
multiplex,0
multiplex,0.541666666666667
multiplex,0.641666666666667
multiplex,0.4
multiplex,0.666666666666667
multiplex,0.608333333333333
multiplex,0.125
multiplex,0.533333333333333
multiplex,0.341666666666667
multiplex,0.533333333333333
multiplex,0.691666666666667
multiplex,0.233333333333333
multiplex,0.125
multiplex,0.325
multiplex,0
multiplex,0.325
multiplex,0.325
multiplex,0.683333333333333
multiplex,0
multiplex,0
multiplex,0.241666666666667
multiplex,0.241666666666667
multiplex,0.125
multiplex,0.125
multiplex,0.35
multiplex,0.341666666666667
multiplex,0.125
multiplex,0.525
multiplex,0.541666666666667
multiplex,0.125
multiplex,0.241666666666667
multiplex,0
multiplex,0
multiplex,0.4
multiplex,0.425
multiplex,0
multiplex,0.491666666666667
multiplex,0.241666666666667
multiplex,0.125
multiplex,0.691666666666667
multiplex,0.516666666666667
multiplex,0.35
multiplex,0.541666666666667
multiplex,0.241666666666667
multiplex,0.425
multiplex,0.516666666666667
multiplex,0.441666666666667
multiplex,0.516666666666667
multiplex,0.441666666666667
multiplex,0.783333333333333
multiplex,0.125
multiplex,0
multiplex,0.341666666666667
multiplex,0.241666666666667
multiplex,0.683333333333333
multiplex,0.341666666666667
multiplex,0.125
multiplex,0.125
multiplex,0.425
multiplex,0.125
multiplex,0.35
multiplex,0.458333333333333
multiplex,0.758333333333333
multiplex,0.458333333333333
multiplex,0.791666666666667
multiplex,0
multiplex,0.616666666666667
multiplex,0.608333333333333
multiplex,0.125
multiplex,0.491666666666667
multiplex,0.708333333333333
multiplex,0.241666666666667
multiplex,0
multiplex,0
multiplex,0.441666666666667
multiplex,0
multiplex,0.233333333333333
multiplex,0.85
multiplex,0.325
multiplex,0.325
multiplex,0.533333333333333
multiplex,0.775
multiplex,0.591666666666667
multiplex,0.341666666666667
multiplex,0
multiplex,0.241666666666667
multiplex,0.616666666666667
multiplex,0.125
multiplex,0.341666666666667
multiplex,0.325
multiplex,0.241666666666667
multiplex,0.45
multiplex,0.45
multiplex,0.691666666666667
multiplex,0.45
multiplex,0.533333333333333
multiplex,0.491666666666667
multiplex,0.491666666666667
multiplex,0.241666666666667
multiplex,0.125
multiplex,0.125
multiplex,0
multiplex,0
multiplex,0.35
multiplex,0.125
multiplex,0.45
multiplex,0.125
multiplex,0.425
multiplex,0.508333333333333
multiplex,0
multiplex,0.241666666666667
multiplex,0.516666666666667
multiplex,0.4
multiplex,0.425
multiplex,0.541666666666667
multiplex,0.683333333333333
multiplex,0.441666666666667
multiplex,0.433333333333333
multiplex,0.341666666666667
multiplex,0.675
multiplex,0.35
multiplex,0.525
multiplex,0.125
multiplex,0.125
multiplex,0.783333333333333
multiplex,0.616666666666667
multiplex,0.641666666666667
multiplex,0.125
multiplex,0.458333333333333
multiplex,0.233333333333333
multiplex,0.341666666666667
multiplex,0
multiplex,0.241666666666667
multiplex,0.125
multiplex,0.125
multiplex,0.125
multiplex,0.341666666666667
multiplex,0.683333333333333
multiplex,0
multiplex,0.591666666666667
multiplex,0.241666666666667
multiplex,0.775
multiplex,0.491666666666667
multiplex,0
multiplex,0.241666666666667
multiplex,0.341666666666667
multiplex,0.125
multiplex,0.833333333333333
multiplex,0.741666666666667
multiplex,0.7
multiplex,0.766666666666667
multiplex,0.616666666666667
multiplex,0
multiplex,0.341666666666667
multiplex,0
multiplex,0
multiplex,0.491666666666667
multiplex,0.516666666666667
multiplex,0.733333333333333
multiplex,0.125
multiplex,0.125
multiplex,0.575
multiplex,0.516666666666667
multiplex,0.783333333333333
multiplex,0.708333333333333
multiplex,0.233333333333333
multiplex,0
multiplex,0
multiplex,0.441666666666667
multiplex,0
multiplex,0
multiplex,0.233333333333333
multiplex,0
multiplex,0.491666666666667
multiplex,0.241666666666667
multiplex,0.125
multiplex,0.125
multiplex,0.533333333333333
multiplex,0.45
multiplex,0.341666666666667
multiplex,0.675
multiplex,0.441666666666667
multiplex,0
multiplex,0.45
multiplex,0.241666666666667
multiplex,0.858333333333333
multiplex,0.616666666666667
multiplex,0.741666666666667
multiplex,0.858333333333333
multiplex,0.775
multiplex,0.708333333333333
multiplex,0.616666666666667
multiplex,0
multiplex,0
multiplex,0
multiplex,0.125
multiplex,0.766666666666667
multiplex,0.241666666666667
multiplex,0
multiplex,0
multiplex,0
multiplex,0.125
multiplex,0.125
multiplex,0
multiplex,0
multiplex,0
multiplex,0
multiplex,0
multiplex,0.125
multiplex,0
multiplex,0.125
multiplex,0.683333333333333
multiplex,0.85
multiplex,0.516666666666667
multiplex,0.858333333333333
multiplex,0.608333333333333
multiplex,0.341666666666667
multiplex,0.4
multiplex,0.341666666666667
multiplex,0
multiplex,0
multiplex,0
multiplex,0
multiplex,0.125
multiplex,0.125
multiplex,0.533333333333333
multiplex,0
multiplex,0.4
multiplex,0.491666666666667
multiplex,0.516666666666667
multiplex,0.241666666666667
multiplex,0.241666666666667
multiplex,0.675
multiplex,0.35
multiplex,0.233333333333333
multiplex,0.433333333333333
multiplex,0.233333333333333
multiplex,0.508333333333333
multiplex,0.441666666666667
multiplex,0.233333333333333
multiplex,0.233333333333333
multiplex,0.441666666666667
multiplex,0.533333333333333
multiplex,0.341666666666667
multiplex,0.766666666666667
multiplex,0.508333333333333
multiplex,0.541666666666667
multiplex,0.241666666666667
multiplex,0
multiplex,0
multiplex,0
multiplex,0.241666666666667
multiplex,0.433333333333333
multiplex,0.233333333333333
multiplex,0
multiplex,0.683333333333333
multiplex,0.85
multiplex,0.783333333333333
multiplex,0.5
multiplex,0.766666666666667
multiplex,0.45
multiplex,0.691666666666667
multiplex,0.35
multiplex,0.616666666666667
multiplex,0.325
multiplex,0.341666666666667
multiplex,0.508333333333333
multiplex,0.35
multiplex,0.441666666666667
multiplex,0.741666666666667
multiplex,0.541666666666667
multiplex,0
multiplex,0.616666666666667
multiplex,0
multiplex,0.541666666666667
multiplex,0
multiplex,0.541666666666667
multiplex,0.35
multiplex,0.241666666666667
multiplex,0.441666666666667
multiplex,0.125
multiplex,0
multiplex,0.125
multiplex,0.441666666666667
multiplex,0
multiplex,0.125
multiplex,0.125
multiplex,0.241666666666667
multiplex,0.241666666666667
multiplex,0.125
multiplex,0.425
multiplex,0
multiplex,0.233333333333333
multiplex,0.4
multiplex,0.491666666666667
multiplex,0.125
multiplex,0.766666666666667
multiplex,0.491666666666667
multiplex,0.541666666666667
multiplex,0.508333333333333
multiplex,0.241666666666667
multiplex,0.425
multiplex,0
multiplex,0.516666666666667
multiplex,0.783333333333333
multiplex,0.341666666666667
multiplex,0.125
multiplex,0.35
multiplex,0.533333333333333
multiplex,0.441666666666667
multiplex,0.666666666666667
multiplex,0.125
multiplex,0.741666666666667
multiplex,0
multiplex,0.125
multiplex,0
multiplex,0
multiplex,0.341666666666667
multiplex,0.125
multiplex,0.125
multiplex,0.533333333333333
multiplex,0.525
multiplex,0.35
multiplex,0.441666666666667
multiplex,0.233333333333333
multiplex,0.541666666666667
multiplex,0.616666666666667
multiplex,0
multiplex,0
multiplex,0
multiplex,0.516666666666667
multiplex,0.4
multiplex,0.641666666666667
multiplex,0.566666666666667
multiplex,0.491666666666667
multiplex,0.533333333333333
multiplex,0.516666666666667
multiplex,0.241666666666667
multiplex,0.608333333333333
multiplex,0
multiplex,0.233333333333333
multiplex,0.125
multiplex,0.341666666666667
multiplex,0.425
multiplex,0.441666666666667
multiplex,0.233333333333333
multiplex,0.233333333333333
multiplex,0.241666666666667
multiplex,0.458333333333333
multiplex,0.125
multiplex,0.241666666666667
multiplex,0.241666666666667
multiplex,0.125
multiplex,0.491666666666667
multiplex,0.241666666666667
multiplex,0.241666666666667
multiplex,0.241666666666667
multiplex,0.241666666666667
multiplex,0.341666666666667
multiplex,0.125
multiplex,0.125
multiplex,0.125
multiplex,0.591666666666667
multiplex,0.4
multiplex,0.341666666666667
multiplex,0.35
multiplex,0.125
multiplex,0.441666666666667
multiplex,0.241666666666667
multiplex,0.125
multiplex,0.241666666666667
multiplex,0.35
multiplex,0.533333333333333
multiplex,0.35
multiplex,0.241666666666667
multiplex,0.441666666666667
multiplex,0.125
multiplex,0.125
multiplex,0.35
multiplex,0.125
multiplex,0.241666666666667
multiplex,0.616666666666667
multiplex,0.716666666666667
multiplex,0.125
multiplex,0.125
multiplex,0.125
multiplex,0.341666666666667
multiplex,0.341666666666667
multiplex,0.241666666666667
multiplex,0.241666666666667
multiplex,0
multiplex,0.35
multiplex,0
multiplex,0.125
multiplex,0.35
multiplex,0.533333333333333
multiplex,0.125
multiplex,0.125
multiplex,0.241666666666667
multiplex,0.616666666666667
multiplex,0.733333333333333
multiplex,0.791666666666667
multiplex,0.541666666666667
multiplex,0.125
multiplex,0
multiplex,0
multiplex,0
multiplex,0.233333333333333
multiplex,0.616666666666667
multiplex,0.458333333333333
multiplex,0
multiplex,0
multiplex,0.441666666666667
multiplex,0.425
multiplex,0.7
multiplex,0.425
multiplex,0.608333333333333
multiplex,0.325
multiplex,0.85
multiplex,0.458333333333333
multiplex,0.425
multiplex,0.341666666666667
multiplex,0.125
multiplex,0.125
multiplex,0.241666666666667
multiplex,0.566666666666667
multiplex,0
multiplex,0
multiplex,0.241666666666667
multiplex,0.125
multiplex,0
multiplex,0.125
multiplex,0
multiplex,0
multiplex,0.125
multiplex,0
multiplex,0
multiplex,0.491666666666667
multiplex,0
multiplex,0.125
multiplex,0
multiplex,0
multiplex,0
multiplex,0
multiplex,0
multiplex,0.125
multiplex,0.233333333333333
multiplex,0.516666666666667
multiplex,0
multiplex,0
multiplex,0
multiplex,0.125
multiplex,0.125
multiplex,0
multiplex,0.241666666666667
multiplex,0
multiplex,0.491666666666667
multiplex,0.441666666666667
multiplex,0.125
multiplex,0
multiplex,0
multiplex,0.233333333333333
multiplex,0.741666666666667
multiplex,0.4
multiplex,0
multiplex,0.45
multiplex,0
multiplex,0.125
multiplex,0
multiplex,0
multiplex,0
multiplex,0
multiplex,0.125
multiplex,0.241666666666667
multiplex,0.125
multiplex,0.7
multiplex,0.516666666666667
multiplex,0.241666666666667
multiplex,0.691666666666667
multiplex,0.441666666666667
multiplex,0.525
multiplex,0.683333333333333
multiplex,0
multiplex,0
multiplex,0.758333333333333
multiplex,0.533333333333333
multiplex,0.691666666666667
multiplex,0.533333333333333
multiplex,0.4
multiplex,0.441666666666667
multiplex,0.683333333333333
multiplex,0.4
multiplex,0
multiplex,0
multiplex,0
multiplex,0.591666666666667
multiplex,0.233333333333333
multiplex,0.541666666666667
multiplex,0
multiplex,0.125
multiplex,0.783333333333333
multiplex,0.35
multiplex,0.441666666666667
multiplex,0.35
multiplex,0.441666666666667
multiplex,0
multiplex,0.241666666666667
multiplex,0.241666666666667
multiplex,0.241666666666667
multiplex,0.241666666666667
multiplex,0.125
multiplex,0.125
multiplex,0.325
multiplex,0.783333333333333
multiplex,0.233333333333333
multiplex,0
multiplex,0.35
multiplex,0
multiplex,0.241666666666667
multiplex,0.85
multiplex,0.45
multiplex,0.125
multiplex,0.775
multiplex,0.241666666666667
multiplex,0.516666666666667
multiplex,0.616666666666667
multiplex,0.125
multiplex,0.35
multiplex,0.241666666666667
multiplex,0.65
multiplex,0.125
multiplex,0.341666666666667
multiplex,0.241666666666667
multiplex,0
multiplex,0
multiplex,0
multiplex,0
multiplex,0.458333333333333
multiplex,0.125
multiplex,0.125
multiplex,0.125
multiplex,0.85
multiplex,0.458333333333333
multiplex,0.425
multiplex,0.425
multiplex,0.341666666666667
multiplex,0.65
multiplex,0.458333333333333
multiplex,0.516666666666667
multiplex,0.241666666666667
multiplex,0
multiplex,0.641666666666667
multiplex,0.758333333333333
multiplex,0.125
multiplex,0.533333333333333
multiplex,0.125
multiplex,0.35
multiplex,0.241666666666667
multiplex,0
multiplex,0.491666666666667
multiplex,0.775
multiplex,0.233333333333333
multiplex,0
multiplex,0.241666666666667
multiplex,0.441666666666667
multiplex,0.616666666666667
multiplex,0.241666666666667
multiplex,0.233333333333333
multiplex,0.233333333333333
multiplex,0.441666666666667
multiplex,0.125
multiplex,0.641666666666667
multiplex,0.341666666666667
multiplex,0.608333333333333
multiplex,0.425
multiplex,0.533333333333333
multiplex,0.533333333333333
multiplex,0.441666666666667
multiplex,0.666666666666667
multiplex,0
multiplex,0
multiplex,0.35
multiplex,0.425
multiplex,0.508333333333333
multiplex,0.516666666666667
multiplex,0.125
multiplex,0.125
multiplex,0.125
multiplex,0.683333333333333
multiplex,0.441666666666667
multiplex,0
multiplex,0
multiplex,0.491666666666667
multiplex,0
multiplex,0.541666666666667
multiplex,0.691666666666667
multiplex,0.491666666666667
multiplex,0
multiplex,0.125
multiplex,0.616666666666667
multiplex,0.608333333333333
multiplex,0.425
multiplex,0.125
multiplex,0
multiplex,0
multiplex,0.125
multiplex,0.125
multiplex,0.241666666666667
multiplex,0.425
multiplex,0.233333333333333
multiplex,0.5
multiplex,0.241666666666667
multiplex,0.241666666666667
multiplex,0.125
multiplex,0.516666666666667
multiplex,0.125
multiplex,0.766666666666667
multiplex,0.241666666666667
multiplex,0.541666666666667
multiplex,0.425
multiplex,0
multiplex,0.125
multiplex,0.433333333333333
multiplex,0.541666666666667
multiplex,0.45
multiplex,0.125
multiplex,0.125
multiplex,0.441666666666667
multiplex,0.125
multiplex,0.341666666666667
multiplex,0.516666666666667
multiplex,0.458333333333333
multiplex,0.458333333333333
multiplex,0
multiplex,0.125
multiplex,0.4
multiplex,0
multiplex,0.125
multiplex,0.125
multiplex,0.533333333333333
multiplex,0.491666666666667
multiplex,0.458333333333333
multiplex,0
multiplex,0.533333333333333
multiplex,0.125
multiplex,0.525
multiplex,0.125
multiplex,0.75
multiplex,0.425
multiplex,0.45
multiplex,0
multiplex,0
multiplex,0.233333333333333
multiplex,0.233333333333333
multiplex,0
multiplex,0.425
multiplex,0.608333333333333
multiplex,0.125
multiplex,0
multiplex,0
multiplex,0.125
multiplex,0.791666666666667
multiplex,0.458333333333333
multiplex,0.458333333333333
multiplex,0.458333333333333
multiplex,0.5
multiplex,0.125
multiplex,0.525
multiplex,0
multiplex,0.441666666666667
multiplex,0.35
multiplex,0.241666666666667
multiplex,0.241666666666667
multiplex,0.516666666666667
multiplex,0.241666666666667
multiplex,0.45
multiplex,0.65
multiplex,0.541666666666667
multiplex,0.125
multiplex,0.575
multiplex,0.125
multiplex,0.441666666666667
multiplex,0.241666666666667
multiplex,0.241666666666667
multiplex,0.458333333333333
multiplex,0
multiplex,0.491666666666667
multiplex,0.491666666666667
multiplex,0.35
multiplex,0.683333333333333
multiplex,0.233333333333333
multiplex,0.233333333333333
multiplex,0.125
multiplex,0
multiplex,0.458333333333333
multiplex,0.616666666666667
multiplex,0.683333333333333
multiplex,0
multiplex,0.35
multiplex,0.858333333333333
multiplex,0.541666666666667
multiplex,0.125
multiplex,0.241666666666667
multiplex,0.233333333333333
multiplex,0.233333333333333
multiplex,0.533333333333333
multiplex,0.616666666666667
multiplex,0.125
multiplex,0.491666666666667
multiplex,0.125
multiplex,0
multiplex,0.241666666666667
multiplex,0.125
multiplex,0.458333333333333
multiplex,0.233333333333333
multiplex,0.241666666666667
multiplex,0.525
multiplex,0.241666666666667
multiplex,0.233333333333333
multiplex,0.241666666666667
multiplex,0.741666666666667
multiplex,0.35
multiplex,0
multiplex,0.241666666666667
multiplex,0.4
multiplex,0
multiplex,0
multiplex,0.233333333333333
multiplex,0.125
multiplex,0.233333333333333
multiplex,0.4
multiplex,0
multiplex,0
multiplex,0.425
multiplex,0.241666666666667
multiplex,0.4
multiplex,0.533333333333333
multiplex,0.125
multiplex,0.241666666666667
multiplex,0
multiplex,0
multiplex,0.491666666666667
multiplex,0.4
multiplex,0.233333333333333
multiplex,0.516666666666667
multiplex,0.241666666666667
multiplex,0.491666666666667
multiplex,0
multiplex,0.516666666666667
multiplex,0.125
multiplex,0.458333333333333
multiplex,0.125
multiplex,0
multiplex,0.125
multiplex,0.241666666666667
multiplex,0.491666666666667
multiplex,0.125
multiplex,0.45
multiplex,0.616666666666667
multiplex,0
multiplex,0.241666666666667
multiplex,0
multiplex,0.241666666666667
multiplex,0.766666666666667
multiplex,0.125
multiplex,0.733333333333333
multiplex,0.125
multiplex,0
multiplex,0.666666666666667
multiplex,0
multiplex,0.125
multiplex,0.241666666666667
multiplex,0.125
multiplex,0.716666666666667
multiplex,0.241666666666667
multiplex,0.666666666666667
multiplex,0.675
multiplex,0.325
multiplex,0.591666666666667
multiplex,0.616666666666667
multiplex,0.683333333333333
multiplex,0.516666666666667
multiplex,0.616666666666667
multiplex,0.125
multiplex,0.241666666666667
multiplex,0.125
multiplex,0.675
multiplex,0.833333333333333
multiplex,0.241666666666667
multiplex,0.125
multiplex,0
multiplex,0.658333333333333
multiplex,0.541666666666667
multiplex,0.125
multiplex,0.125
multiplex,0.233333333333333
multiplex,0.125
multiplex,0
multiplex,0.516666666666667
multiplex,0.125
multiplex,0.125
multiplex,0.641666666666667
multiplex,0.533333333333333
multiplex,0
multiplex,0.125
multiplex,0.541666666666667
multiplex,0
multiplex,0
multiplex,0.125
multiplex,0
multiplex,0
multiplex,0.458333333333333
