pop,Pi
paucaCA,0.615384615384615
paucaCA,0.512820512820513
paucaCA,3.07692307692308
paucaCA,2.05128205128205
paucaCA,15.9230769230769
paucaCA,3.48717948717949
paucaCA,2.53846153846154
paucaCA,5.46153846153846
paucaCA,0
paucaCA,0.538461538461539
paucaCA,0.282051282051282
paucaCA,1.05128205128205
paucaCA,9.38461538461538
paucaCA,2.56410256410256
paucaCA,0
paucaCA,1.38461538461538
paucaCA,3.61538461538462
paucaCA,2
paucaCA,4.53846153846154
paucaCA,0.666666666666667
paucaCA,0.307692307692308
paucaCA,0.461538461538462
paucaCA,0
paucaCA,0
paucaCA,7.38461538461538
paucaCA,0.384615384615385
paucaCA,1.84615384615385
paucaCA,3.69230769230769
paucaCA,0
paucaCA,3.15384615384615
paucaCA,0.307692307692308
paucaCA,0
paucaCA,1.69230769230769
paucaCA,0.461538461538462
paucaCA,0.307692307692308
paucaCA,0.153846153846154
paucaCA,0.307692307692308
paucaCA,1.51282051282051
paucaCA,0
paucaCA,0.435897435897436
paucaCA,0.153846153846154
paucaCA,0
paucaCA,0
paucaCA,0.307692307692308
paucaCA,0
paucaCA,3.12820512820513
paucaCA,10.0769230769231
paucaCA,0.743589743589744
paucaCA,1.84615384615385
paucaCA,2.30769230769231
paucaCA,0
paucaCA,0.153846153846154
paucaCA,0.307692307692308
paucaCA,3.71794871794872
paucaCA,7.76923076923077
paucaCA,0.923076923076923
paucaCA,0.743589743589744
paucaCA,2.30769230769231
paucaCA,0
paucaCA,0
paucaCA,0.615384615384615
paucaCA,0.461538461538462
paucaCA,0
paucaCA,1.66666666666667
paucaCA,0
paucaCA,0.307692307692308
paucaCA,0.846153846153846
paucaCA,1.84615384615385
paucaCA,0
paucaCA,0.615384615384615
paucaCA,0.461538461538462
paucaCA,0.615384615384615
paucaCA,12.4615384615385
paucaCA,0.153846153846154
paucaCA,0.153846153846154
paucaCA,0.743589743589744
paucaCA,0.153846153846154
paucaCA,0
paucaCA,8.41025641025641
paucaCA,0.153846153846154
paucaCA,0
paucaCA,0.153846153846154
paucaCA,0.153846153846154
paucaCA,14.6153846153846
paucaCA,1.46153846153846
paucaCA,1.51282051282051
paucaCA,9.76923076923077
paucaCA,3.35897435897436
paucaCA,3.41025641025641
paucaCA,2.1025641025641
paucaCA,7.92307692307692
paucaCA,0.384615384615385
paucaCA,0.538461538461539
paucaCA,0.435897435897436
paucaCA,0.923076923076923
paucaCA,2.43589743589744
paucaCA,8.17948717948718
paucaCA,0
paucaCA,0
paucaCA,1.74358974358974
paucaCA,12.8205128205128
paucaCA,0.58974358974359
paucaCA,0.307692307692308
paucaCA,0.384615384615385
paucaCA,0.769230769230769
paucaCA,0.461538461538462
paucaCA,0.615384615384615
paucaCA,0.974358974358974
paucaCA,1.23076923076923
paucaCA,0.153846153846154
paucaCA,32
paucaCA,25.1794871794872
paucaCA,0.538461538461539
paucaCA,1.30769230769231
paucaCA,1.02564102564103
paucaCA,0.153846153846154
paucaCA,0
paucaCA,1.53846153846154
paucaCA,5.35897435897436
paucaCA,4.94871794871795
paucaCA,4.92307692307692
paucaCA,9.43589743589744
paucaCA,14.8974358974359
paucaCA,1.64102564102564
paucaCA,0.307692307692308
paucaCA,0.153846153846154
paucaCA,0.153846153846154
paucaCA,19.3076923076923
paucaCA,0
paucaCA,3.20512820512821
paucaCA,0.307692307692308
paucaCA,0
paucaCA,0.153846153846154
paucaCA,0
paucaCA,0.769230769230769
paucaCA,1.23076923076923
paucaCA,1.84615384615385
paucaCA,0.564102564102564
paucaCA,3.02564102564103
paucaCA,3.53846153846154
paucaCA,4.79487179487179
paucaCA,0
paucaCA,3.38461538461538
paucaCA,0.769230769230769
paucaCA,4.1025641025641
paucaCA,1.02564102564103
paucaCA,2.64102564102564
paucaCA,5.84615384615385
paucaCA,1.48717948717949
paucaCA,1
paucaCA,1.33333333333333
paucaCA,0.846153846153846
paucaCA,1.07692307692308
paucaCA,0.461538461538462
paucaCA,0
paucaCA,0.461538461538462
paucaCA,0.153846153846154
paucaCA,0.769230769230769
paucaCA,1.38461538461538
paucaCA,2.15384615384615
paucaCA,0.512820512820513
paucaCA,1.61538461538462
paucaCA,3.97435897435897
paucaCA,7.71794871794872
paucaCA,1.69230769230769
paucaCA,0.435897435897436
paucaCA,0.846153846153846
paucaCA,0.615384615384615
paucaCA,0.153846153846154
paucaCA,0.153846153846154
paucaCA,0.461538461538462
paucaCA,0.153846153846154
paucaCA,0.307692307692308
paucaCA,0.743589743589744
paucaCA,0.282051282051282
paucaCA,6.53846153846154
paucaCA,4.1025641025641
paucaCA,6.56410256410256
paucaCA,2.61538461538462
paucaCA,3.30769230769231
paucaCA,5.23076923076923
paucaCA,1.38461538461538
paucaCA,0.615384615384615
paucaCA,1.84615384615385
paucaCA,0.538461538461538
paucaCA,1.84615384615385
paucaCA,1.07692307692308
paucaCA,1.69230769230769
paucaCA,2.30769230769231
paucaCA,12.1282051282051
paucaCA,2.69230769230769
paucaCA,0.564102564102564
paucaCA,13.5384615384615
paucaCA,7.28205128205128
paucaCA,2.56410256410256
paucaCA,21.7435897435897
paucaCA,0.461538461538462
paucaCA,2.56410256410256
paucaCA,0.846153846153846
paucaCA,0.923076923076923
paucaCA,0.974358974358974
paucaCA,3.61538461538462
paucaCA,0.974358974358974
paucaCA,13.2564102564103
paucaCA,5.53846153846154
paucaCA,3.92307692307692
paucaCA,0.538461538461539
paucaCA,1.07692307692308
paucaCA,5.12820512820513
paucaCA,8.76923076923077
paucaCA,0.384615384615385
paucaCA,10.1538461538462
paucaCA,5.07692307692308
paucaCA,3.76923076923077
paucaCA,5
paucaCA,18.1025641025641
paucaCA,17.5384615384615
paucaCA,1.74358974358974
paucaCA,3.1025641025641
paucaCA,1
paucaCA,0.615384615384615
paucaCA,1.69230769230769
paucaCA,1.46153846153846
paucaCA,1.07692307692308
paucaCA,1.84615384615385
paucaCA,2.30769230769231
paucaCA,6.28205128205128
paucaCA,1.53846153846154
paucaCA,0.923076923076923
paucaCA,2
paucaCA,2.23076923076923
paucaCA,3.38461538461539
paucaCA,4.38461538461539
paucaCA,3.46153846153846
paucaCA,7.25641025641026
paucaCA,31.9487179487179
paucaCA,3.25641025641026
paucaCA,0
paucaCA,5.05128205128205
paucaCA,0.307692307692308
paucaCA,0.153846153846154
paucaCA,0.692307692307692
paucaCA,0
paucaCA,2.07692307692308
paucaCA,2.15384615384615
paucaCA,0.692307692307692
paucaCA,0.769230769230769
paucaCA,0.769230769230769
paucaCA,3.46153846153846
paucaCA,2.30769230769231
paucaCA,0
paucaCA,0.307692307692308
paucaCA,0.461538461538462
paucaCA,1.61538461538462
paucaCA,0
paucaCA,1.66666666666667
paucaCA,4.05128205128205
paucaCA,5
paucaCA,1.66666666666667
paucaCA,24.5897435897436
paucaCA,2.69230769230769
paucaCA,3.38461538461539
paucaCA,0.615384615384615
paucaCA,1.53846153846154
paucaCA,2.53846153846154
paucaCA,24.6153846153846
paucaCA,8.71794871794872
paucaCA,2.71794871794872
paucaCA,1.84615384615385
paucaCA,0.743589743589744
paucaCA,0
paucaCA,2.2051282051282
paucaCA,0.666666666666667
paucaCA,10.2820512820513
paucaCA,1.69230769230769
paucaCA,4.28205128205128
paucaCA,1.02564102564103
paucaCA,0.743589743589744
paucaCA,2.2051282051282
paucaCA,1.23076923076923
paucaCA,0.461538461538462
paucaCA,0.461538461538462
paucaCA,0.692307692307692
paucaCA,0.58974358974359
paucaCA,0.307692307692308
paucaCA,1.46153846153846
paucaCA,0.948717948717949
paucaCA,1.20512820512821
paucaCA,0.461538461538462
paucaCA,0.153846153846154
paucaCA,0
paucaCA,2.38461538461538
paucaCA,2.46153846153846
paucaCA,2.69230769230769
paucaCA,3.15384615384615
paucaCA,1.53846153846154
paucaCA,6.84615384615385
paucaCA,1.07692307692308
paucaCA,2.43589743589744
paucaCA,0
paucaCA,1.84615384615385
paucaCA,2.15384615384615
paucaCA,0.461538461538462
paucaCA,0.307692307692308
paucaCA,0
paucaCA,0.461538461538462
paucaCA,1
paucaCA,7.53846153846154
paucaCA,2.58974358974359
paucaCA,0.153846153846154
paucaCA,6.05128205128205
paucaCA,0.769230769230769
paucaCA,2.17948717948718
paucaCA,11.5897435897436
paucaCA,4.07692307692308
paucaCA,10.6410256410256
paucaCA,9.1025641025641
paucaCA,3.12820512820513
paucaCA,5.53846153846154
paucaCA,9.69230769230769
paucaCA,1.53846153846154
paucaCA,0.512820512820513
paucaCA,0
paucaCA,21.3589743589744
paucaCA,9.30769230769231
paucaCA,3.92307692307692
paucaCA,5
paucaCA,2.56410256410256
paucaCA,9.02564102564103
paucaCA,11.6923076923077
paucaCA,1.69230769230769
paucaCA,4.79487179487179
paucaCA,5.8974358974359
paucaCA,0.153846153846154
paucaCA,0.461538461538462
paucaCA,0.923076923076923
paucaCA,0.282051282051282
paucaCA,0.615384615384615
paucaCA,1.23076923076923
paucaCA,2.46153846153846
paucaCA,0.461538461538462
paucaCA,0.307692307692308
paucaCA,0
paucaCA,0.153846153846154
paucaCA,1.69230769230769
paucaCA,2.23076923076923
paucaCA,1.23076923076923
paucaCA,1.53846153846154
paucaCA,13.0512820512821
paucaCA,5.79487179487179
paucaCA,1.69230769230769
paucaCA,0.769230769230769
paucaCA,7.48717948717949
paucaCA,1.51282051282051
paucaCA,3.1025641025641
paucaCA,0.769230769230769
paucaCA,1.46153846153846
paucaCA,1.61538461538462
paucaCA,0.846153846153846
paucaCA,6.92307692307692
paucaCA,0.153846153846154
paucaCA,0.384615384615385
paucaCA,0.692307692307692
paucaCA,6
paucaCA,10.5128205128205
paucaCA,0.384615384615385
paucaCA,2.02564102564103
paucaCA,1.30769230769231
paucaCA,1.46153846153846
paucaCA,7.76923076923077
paucaCA,2.79487179487179
paucaCA,18.7692307692308
paucaCA,0.512820512820513
paucaCA,0.82051282051282
paucaCA,0.282051282051282
paucaCA,1
paucaCA,2.30769230769231
paucaCA,7.38461538461539
paucaCA,0.461538461538462
paucaCA,0.615384615384615
paucaCA,0.615384615384615
paucaCA,0.615384615384615
paucaCA,2.30769230769231
paucaCA,2.38461538461538
paucaCA,0.282051282051282
paucaCA,3.25641025641026
paucaCA,5.02564102564103
paucaCA,6.82051282051282
paucaCA,12.9230769230769
paucaCA,5.46153846153846
paucaCA,3.84615384615385
paucaCA,6.12820512820513
paucaCA,2.74358974358974
paucaCA,1.84615384615385
paucaCA,2.05128205128205
paucaCA,3.25641025641026
paucaCA,0.153846153846154
paucaCA,1.82051282051282
paucaCA,1.12820512820513
paucaCA,4
paucaCA,9.94871794871795
paucaCA,5.66666666666667
paucaCA,16.6153846153846
paucaCA,1.84615384615385
paucaCA,20.6923076923077
paucaCA,0.461538461538462
paucaCA,1.07692307692308
paucaCA,0.384615384615385
paucaCA,0.666666666666667
paucaCA,4.23076923076923
paucaCA,23.8717948717949
paucaCA,11.6153846153846
paucaCA,0
paucaCA,7.23076923076923
paucaCA,0
paucaCA,0.461538461538462
paucaCA,0.307692307692308
paucaCA,0
paucaCA,0
paucaCA,0.153846153846154
paucaCA,0.153846153846154
paucaCA,0.153846153846154
paucaCA,2.38461538461538
paucaCA,0.282051282051282
paucaCA,1.07692307692308
paucaCA,0
paucaCA,0.461538461538462
paucaCA,0
paucaCA,0.615384615384615
paucaCA,0.307692307692308
paucaCA,0
paucaCA,0.82051282051282
paucaCA,0
paucaCA,2.48717948717949
paucaCA,5.74358974358974
paucaCA,3.8974358974359
paucaCA,12.1538461538462
paucaCA,16.5897435897436
paucaCA,5.15384615384615
paucaCA,0.461538461538462
paucaCA,0.769230769230769
paucaCA,2.17948717948718
paucaCA,1.12820512820513
paucaCA,2.82051282051282
paucaCA,0.384615384615385
paucaCA,0.435897435897436
paucaCA,1.69230769230769
paucaCA,11.8717948717949
paucaCA,6.41025641025641
paucaCA,58.5384615384615
paucaCA,6.28205128205128
paucaCA,40.9230769230769
paucaCA,20.4358974358974
paucaCA,4.51282051282051
paucaCA,0.923076923076923
paucaCA,2.76923076923077
paucaCA,9.61538461538462
paucaCA,13.0769230769231
paucaCA,22.8205128205128
paucaCA,0.461538461538462
paucaCA,15.7692307692308
paucaCA,10.5384615384615
paucaCA,0
paucaCA,1.51282051282051
paucaCA,1.30769230769231
paucaCA,6.30769230769231
paucaCA,0.461538461538462
paucaCA,0.282051282051282
paucaCA,7.64102564102564
paucaCA,3.87179487179487
paucaCA,2.15384615384615
paucaCA,0
paucaCA,0.153846153846154
paucaCA,0.461538461538462
paucaCA,0.461538461538462
paucaCA,0.153846153846154
paucaCA,0
paucaCA,0
paucaCA,8.15384615384616
paucaCA,0
paucaCA,0.846153846153846
paucaCA,0
paucaCA,2
paucaCA,0.769230769230769
paucaCA,21.3076923076923
paucaCA,2.46153846153846
paucaCA,0.461538461538462
paucaCA,2.92307692307692
paucaCA,1.53846153846154
paucaCA,0.461538461538462
paucaCA,0
paucaCA,0
paucaCA,8.2051282051282
paucaCA,0.743589743589744
paucaCA,1.38461538461538
paucaCA,1.84615384615385
paucaCA,5.69230769230769
paucaCA,15.5897435897436
paucaCA,1.76923076923077
paucaCA,1.23076923076923
paucaCA,1.84615384615385
paucaCA,7.46153846153846
paucaCA,10.025641025641
paucaCA,0.538461538461539
paucaCA,1.38461538461538
paucaCA,0.153846153846154
paucaCA,0.153846153846154
paucaCA,0
paucaCA,9.69230769230769
paucaCA,3.76923076923077
paucaCA,0.769230769230769
paucaCA,2.8974358974359
paucaCA,0.538461538461539
paucaCA,2.30769230769231
paucaCA,0.512820512820513
paucaCA,6.74358974358974
paucaCA,1.53846153846154
paucaCA,0
paucaCA,3.64102564102564
paucaCA,0.769230769230769
paucaCA,1.53846153846154
paucaCA,0.743589743589744
paucaCA,0.307692307692308
paucaCA,0.384615384615385
paucaCA,0
paucaCA,0.153846153846154
paucaCA,0
paucaCA,11.6923076923077
paucaCA,2.38461538461538
paucaCA,1.69230769230769
paucaCA,7.12820512820513
paucaCA,2
paucaCA,2.48717948717949
paucaCA,0.948717948717949
paucaCA,3
paucaCA,5.25641025641026
paucaCA,8.23076923076923
paucaCA,0.384615384615385
paucaCA,0
paucaCA,1
paucaCA,0.461538461538462
paucaCA,1.53846153846154
paucaCA,5.12820512820513
paucaCA,6.58974358974359
paucaCA,1.12820512820513
paucaCA,1.46153846153846
paucaCA,14.0512820512821
paucaCA,16.6153846153846
paucaCA,3.94871794871795
paucaCA,2.53846153846154
paucaCA,1.15384615384615
paucaCA,4.76923076923077
paucaCA,8.20512820512821
paucaCA,24.8974358974359
paucaCA,34.4102564102564
paucaCA,14.0769230769231
paucaCA,2.30769230769231
paucaCA,1.30769230769231
paucaCA,3.76923076923077
paucaCA,1.38461538461538
paucaCA,1.87179487179487
paucaCA,2.28205128205128
paucaCA,3.43589743589744
paucaCA,1.66666666666667
paucaCA,0.153846153846154
paucaCA,0.974358974358974
paucaCA,0.153846153846154
paucaCA,1.07692307692308
paucaCA,5.97435897435897
paucaCA,10.2307692307692
paucaCA,19.1025641025641
paucaCA,6.30769230769231
paucaCA,2.8974358974359
paucaCA,1.38461538461538
paucaCA,2.76923076923077
paucaCA,9.07692307692308
paucaCA,7.61538461538462
paucaCA,1.82051282051282
paucaCA,0.538461538461539
paucaCA,0
paucaCA,1.35897435897436
paucaCA,1.69230769230769
paucaCA,6.69230769230769
paucaCA,4.15384615384615
paucaCA,6.25641025641026
paucaCA,6.61538461538462
paucaCA,15.4102564102564
paucaCA,0.461538461538462
paucaCA,3.97435897435897
paucaCA,1.84615384615385
paucaCA,5.71794871794872
paucaCA,5.23076923076923
paucaCA,15.7435897435897
paucaCA,3.8974358974359
paucaCA,0
paucaCA,4.74358974358974
paucaCA,0.897435897435897
paucaCA,0.538461538461538
paucaCA,1.07692307692308
paucaCA,1.07692307692308
paucaCA,3.53846153846154
paucaCA,0.846153846153846
paucaCA,1.23076923076923
paucaCA,10.2820512820513
paucaCA,2.43589743589744
paucaCA,2.56410256410256
paucaCA,0
paucaCA,0.153846153846154
paucaCA,0.871794871794872
paucaCA,0.615384615384615
paucaCA,0
paucaCA,5.30769230769231
paucaCA,3.46153846153846
paucaCA,2.02564102564103
paucaCA,5.94871794871795
paucaCA,10.4615384615385
paucaCA,2.94871794871795
paucaCA,7
paucaCA,2.23076923076923
paucaCA,0.461538461538462
paucaCA,0.923076923076923
paucaCA,6.20512820512821
paucaCA,10.9230769230769
paucaCA,6.66666666666667
paucaCA,4.05128205128205
paucaCA,3.8974358974359
paucaCA,12.0512820512821
paucaCA,3
paucaCA,1.76923076923077
paucaCA,6.12820512820513
paucaCA,1.12820512820513
paucaCA,6.94871794871795
paucaCA,3.23076923076923
paucaCA,8.15384615384616
paucaCA,0
paucaCA,0
paucaCA,5.46153846153846
paucaCA,11.5384615384615
paucaCA,8.07692307692308
paucaCA,0.564102564102564
paucaCA,8.84615384615385
paucaCA,13
paucaCA,7.87179487179487
paucaCA,1.76923076923077
paucaCA,6.53846153846154
paucaCA,2.87179487179487
paucaCA,7.58974358974359
paucaCA,6.92307692307692
paucaCA,0
paucaCA,0.153846153846154
paucaCA,7.30769230769231
paucaCA,1.38461538461538
paucaCA,5.23076923076923
paucaCA,0.82051282051282
paucaCA,0.153846153846154
paucaCA,0.307692307692308
paucaCA,0.153846153846154
paucaCA,4.69230769230769
paucaCA,3.48717948717949
paucaCA,0
paucaCA,0.923076923076923
paucaCA,1
paucaCA,1.38461538461538
paucaCA,1.15384615384615
paucaCA,1.38461538461538
paucaCA,2
paucaCA,2.53846153846154
paucaCA,3.38461538461539
paucaCA,0.307692307692308
paucaCA,0
paucaCA,2.51282051282051
paucaCA,3.74358974358974
paucaCA,0.512820512820513
paucaCA,10
paucaCA,0.615384615384615
paucaCA,24.5128205128205
paucaCA,3.07692307692308
paucaCA,0.384615384615385
paucaCA,0
paucaCA,0.615384615384615
paucaCA,0
paucaCA,0
paucaCA,1.97435897435897
paucaCA,18.1538461538462
paucaCA,8.02564102564103
paucaCA,5.43589743589744
paucaCA,7.92307692307692
paucaCA,0.948717948717949
paucaCA,0.461538461538462
paucaCA,0.461538461538462
paucaCA,0.923076923076923
paucaCA,0.564102564102564
paucaCA,0
paucaCA,0.282051282051282
paucaCA,17.1794871794872
paucaCA,0.615384615384615
paucaCA,0.461538461538462
paucaCA,0.307692307692308
paucaCA,0.153846153846154
paucaCA,0.743589743589744
paucaCA,1.38461538461538
paucaCA,0.615384615384615
paucaCA,8.30769230769231
paucaCA,7.23076923076923
paucaCA,10.9230769230769
paucaCA,1.53846153846154
paucaCA,0
paucaCA,33.6923076923077
paucaCA,0.512820512820513
paucaCA,2.46153846153846
paucaCA,14.7435897435897
paucaCA,26.8205128205128
paucaCA,25.4615384615385
paucaCA,4.82051282051282
paucaCA,39.3076923076923
paucaCA,25.7948717948718
paucaCA,2.07692307692308
paucaCA,12.3333333333333
paucaCA,9.07692307692308
paucaCA,0.153846153846154
paucaCA,0
paucaCA,0
paucaCA,25.7435897435897
paucaCA,0.615384615384615
paucaCA,0.153846153846154
paucaCA,0
paucaCA,0
paucaCA,0.435897435897436
paucaCA,0
paucaCA,0
paucaCA,1.07692307692308
paucaCA,10.6410256410256
paucaCA,6.82051282051282
paucaCA,0
paucaCA,0.282051282051282
paucaCA,0.153846153846154
paucaCA,0.282051282051282
paucaCA,0.717948717948718
paucaCA,17.7435897435897
paucaCA,1.51282051282051
paucaCA,22.4102564102564
paucaCA,3.07692307692308
paucaCA,0
paucaCA,0
paucaCA,3.46153846153846
paucaCA,0.282051282051282
paucaCA,0
paucaCA,0
paucaCA,0.282051282051282
paucaCA,0
paucaCA,2.35897435897436
paucaCA,2
paucaCA,0.307692307692308
paucaCA,1.56410256410256
paucaCA,5.23076923076923
paucaCA,0.282051282051282
paucaCA,0
paucaCA,0.666666666666667
paucaCA,1.69230769230769
paucaCA,0.666666666666667
paucaCA,0
paucaCA,0
paucaCA,1.07692307692308
paucaCA,0.538461538461539
paucaCA,0.153846153846154
paucaCA,0.153846153846154
paucaCA,0
paucaCA,0.307692307692308
paucaCA,0.461538461538462
paucaCA,0
paucaCA,0
paucaCA,0.82051282051282
paucaCA,0.512820512820513
paucaCA,1.74358974358974
paucaCA,1.25641025641026
paucaCA,1.69230769230769
paucaCA,0.666666666666667
paucaCA,0.512820512820513
paucaCA,10.3589743589744
paucaCA,11.0769230769231
paucaCA,0.615384615384615
paucaCA,0
paucaCA,0.282051282051282
paucaCA,9.7948717948718
paucaCA,0.384615384615385
paucaCA,1.92307692307692
paucaCA,0.435897435897436
paucaCA,3.46153846153846
paucaCA,0.384615384615385
paucaCA,19.5128205128205
paucaCA,0.461538461538462
paucaCA,1.38461538461538
paucaCA,2.30769230769231
paucaCA,0
paucaCA,1.38461538461538
paucaCA,2.76923076923077
paucaCA,3
paucaCA,1.92307692307692
paucaCA,1.02564102564103
paucaCA,0
paucaCA,0
paucaCA,1.53846153846154
paucaCA,1.17948717948718
paucaCA,1.12820512820513
paucaCA,0
paucaCA,0.307692307692308
paucaCA,0.615384615384615
paucaCA,0
paucaCA,0.153846153846154
paucaCA,5.82051282051282
paucaCA,6.82051282051282
paucaCA,0
paucaCA,0.512820512820513
paucaCA,1.02564102564103
paucaCA,0.666666666666667
paucaCA,0
paucaCA,0.307692307692308
paucaCA,0
paucaCA,2.66666666666667
paucaCA,1.07692307692308
paucaCA,2.20512820512821
paucaCA,3.38461538461539
paucaCA,4.07692307692308
paucaCA,0.769230769230769
paucaCA,11.6153846153846
paucaCA,10.3076923076923
paucaCA,3.76923076923077
paucaCA,4.46153846153846
paucaCA,4.76923076923077
paucaCA,16.7692307692308
paucaCA,9.30769230769231
paucaCA,8
paucaCA,8.61538461538461
paucaCA,2.74358974358974
paucaCA,1.23076923076923
paucaCA,3.07692307692308
paucaCA,11.6153846153846
paucaCA,2.82051282051282
paucaCA,26.3333333333333
paucaCA,0.384615384615385
paucaCA,1.41025641025641
paucaCA,3.66666666666667
paucaCA,16.4358974358974
paucaCA,0.846153846153846
paucaCA,0.307692307692308
paucaCA,1.38461538461538
paucaCA,0.846153846153846
paucaCA,0.461538461538462
paucaCA,1.12820512820513
paucaCA,5.74358974358974
paucaCA,0
paucaCA,1.30769230769231
paucaCA,0
paucaCA,0
paucaCA,0.461538461538462
paucaCA,0.743589743589744
paucaCA,23.8974358974359
paucaCA,0.307692307692308
paucaCA,1.38461538461538
paucaCA,0.538461538461539
paucaCA,0.769230769230769
paucaCA,3.56410256410256
paucaCA,8.07692307692308
paucaCA,0.153846153846154
paucaCA,0.538461538461539
paucaCA,0.692307692307692
paucaCA,0
paucaCA,0.153846153846154
paucaCA,0.153846153846154
paucaCA,0
paucaCA,0.153846153846154
paucaCA,0.282051282051282
paucaCA,0.307692307692308
paucaCA,0
paucaCA,0.153846153846154
paucaCA,0.307692307692308
paucaCA,0.538461538461539
paucaCA,0.58974358974359
paucaCA,0.923076923076923
paucaCA,0.461538461538462
paucaCA,1.38461538461538
paucaCA,0.615384615384615
paucaCA,12.1282051282051
paucaCA,8.84615384615385
paucaCA,3.48717948717949
paucaCA,4.05128205128205
paucaCA,0.974358974358974
paucaCA,1
paucaCA,0.461538461538462
paucaCA,0
paucaCA,0.153846153846154
paucaCA,0.923076923076923
paucaCA,0.692307692307692
paucaCA,5.07692307692308
paucaCA,1.79487179487179
paucaCA,1.97435897435897
paucaCA,0.923076923076923
paucaCA,6.17948717948718
paucaCA,2.7948717948718
paucaCA,2.15384615384615
paucaCA,0.461538461538462
paucaCA,1.07692307692308
paucaCA,1.30769230769231
paucaCA,0
paucaCA,0.846153846153846
paucaCA,1.07692307692308
paucaCA,2.07692307692308
paucaCA,0.461538461538462
paucaCA,1.30769230769231
paucaCA,0.461538461538462
paucaCA,0
paucaCA,1.41025641025641
paucaCA,0.153846153846154
paucaCA,0
paucaCA,0.461538461538462
paucaCA,0
paucaCA,0
paucaCA,0
paucaCA,0.153846153846154
paucaCA,0
paucaCA,1.38461538461538
paucaCA,13.3333333333333
paucaCA,0.846153846153846
paucaCA,0.871794871794872
paucaCA,0.923076923076923
paucaCA,1.30769230769231
paucaCA,1.71794871794872
paucaCA,8.35897435897436
paucaCA,2.30769230769231
paucaCA,0.153846153846154
paucaCA,0
paucaCA,3.58974358974359
paucaCA,0
paucaCA,1.61538461538462
paucaCA,1.07692307692308
paucaCA,0
paucaCA,0.307692307692308
paucaCA,0.461538461538462
paucaCA,0
paucaCA,0
paucaCA,1.15384615384615
paucaCA,1.61538461538462
paucaCA,25.7435897435897
paucaCA,2.76923076923077
paucaCA,1.64102564102564
paucaCA,0.384615384615385
paucaCA,1.8974358974359
paucaCA,0.153846153846154
paucaCA,0.153846153846154
paucaCA,0.461538461538462
paucaCA,0
paucaCA,0.743589743589744
paucaCA,0.153846153846154
paucaCA,0
paucaCA,0.153846153846154
paucaCA,0.461538461538462
paucaCA,0.153846153846154
paucaCA,0
paucaCA,0.538461538461539
paucaCA,0
paucaCA,0.435897435897436
paucaCA,0
paucaCA,0
paucaCA,0.282051282051282
paucaCA,0.153846153846154
paucaCA,0
paucaCA,0
paucaCA,0
paucaCA,0.461538461538462
paucaCA,0
paucaCA,0
paucaCA,0
paucaCA,0.153846153846154
paucaCA,0
paucaCA,0
paucaCA,0.615384615384615
paucaCA,0
paucaCA,0.461538461538462
paucaCA,0
paucaCA,0.384615384615385
paucaCA,0.666666666666667
paucaCA,0.461538461538462
paucaCA,1.17948717948718
paucaCA,0.153846153846154
paucaCA,6
paucaCA,0
paucaCA,2.84615384615385
paucaCA,0
paucaCA,0.974358974358974
paucaCA,1.15384615384615
paucaCA,1.23076923076923
paucaCA,10.3333333333333
paucaCA,0.153846153846154
paucaCA,0
paucaCA,0.153846153846154
paucaCA,0.282051282051282
paucaCA,0
paucaCA,0.461538461538462
paucaCA,0
paucaCA,2.07692307692308
paucaCA,3.30769230769231
paucaCA,9.8974358974359
paucaCA,2.35897435897436
paucaCA,9.43589743589744
paucaCA,4.46153846153846
paucaCA,3.46153846153846
paucaCA,10.3589743589744
paucaCA,10
paucaCA,12.4358974358974
paucaCA,4.35897435897436
paucaCA,4.56410256410256
paucaCA,18.7435897435897
paucaCA,19.6410256410256
paucaCA,9.33333333333333
paucaCA,3.53846153846154
paucaCA,1.92307692307692
paucaCA,11
paucaCA,5.56410256410256
paucaCA,11.4615384615385
paucaCA,1.23076923076923
paucaCA,1.02564102564103
paucaCA,0.769230769230769
paucaCA,2
paucaCA,3.97435897435897
paucaCA,5.53846153846154
paucaCA,0.769230769230769
paucaCA,5.66666666666667
paucaCA,2.23076923076923
paucaCA,0
paucaCA,7.64102564102564
paucaCA,8.05128205128205
paucaCA,2.15384615384615
paucaCA,10.1282051282051
paucaCA,0.282051282051282
paucaCA,0
paucaCA,0.564102564102564
paucaCA,0.512820512820513
paucaCA,2.05128205128205
paucaCA,2.56410256410256
paucaCA,6.87179487179487
paucaCA,1.61538461538462
paucaCA,0.538461538461538
paucaCA,6.71794871794872
paucaCA,2.25641025641026
paucaCA,0.307692307692308
paucaCA,11.1538461538462
paucaCA,17.6923076923077
paucaCA,11.1538461538462
paucaCA,3.82051282051282
paucaCA,1.02564102564103
paucaCA,3.79487179487179
paucaCA,2.56410256410256
paucaCA,0.692307692307692
paucaCA,1.61538461538462
paucaCA,0
paucaCA,16.6153846153846
paucaCA,0
paucaCA,2.69230769230769
paucaCA,1.12820512820513
paucaCA,2.79487179487179
paucaCA,2.43589743589744
paucaCA,2.05128205128205
paucaCA,0
paucaCA,0
paucaCA,0
paucaCA,0
paucaCA,0
paucaCA,2.30769230769231
paucaCA,0.923076923076923
paucaCA,0.153846153846154
paucaCA,1.20512820512821
paucaCA,7.69230769230769
paucaCA,2.30769230769231
paucaCA,0.307692307692308
paucaCA,2.15384615384615
paucaCA,1.30769230769231
paucaCA,0.153846153846154
paucaCA,1.53846153846154
paucaCA,9.61538461538462
paucaCA,3.74358974358974
paucaCA,3.58974358974359
paucaCA,1.07692307692308
paucaCA,2
paucaCA,14.7435897435897
paucaCA,7.69230769230769
paucaCA,4.35897435897436
paucaCA,1.07692307692308
paucaCA,2.92307692307692
paucaCA,0.58974358974359
paucaCA,0.153846153846154
paucaCA,2.07692307692308
paucaCA,0.846153846153846
paucaCA,1.46153846153846
paucaCA,0.153846153846154
paucaCA,0.384615384615385
paucaCA,0
paucaCA,0.538461538461538
paucaCA,6.76923076923077
paucaCA,0
paucaCA,8.23076923076923
paucaCA,2.61538461538462
paucaCA,13.974358974359
paucaCA,11.025641025641
paucaCA,12.3076923076923
paucaCA,6.58974358974359
paucaCA,1.84615384615385
paucaCA,0.538461538461538
paucaCA,0.923076923076923
paucaCA,1.82051282051282
paucaCA,2.15384615384615
paucaCA,1.35897435897436
paucaCA,7.23076923076923
paucaCA,0
paucaCA,0
paucaCA,1.30769230769231
paucaCA,2.51282051282051
paucaCA,0
paucaCA,0.153846153846154
paucaCA,2.56410256410256
paucaCA,0.769230769230769
paucaCA,0.615384615384615
paucaCA,1.69230769230769
paucaCA,0
paucaCA,1.12820512820513
paucaCA,0.153846153846154
paucaCA,2.30769230769231
paucaCA,0.666666666666667
paucaCA,1.58974358974359
paucaCA,3.84615384615385
paucaCA,10.5128205128205
paucaCA,7.74358974358974
paucaCA,7.94871794871795
paucaCA,1.38461538461538
paucaCA,2.66666666666667
paucaCA,2.71794871794872
paucaCA,10.2307692307692
paucaCA,14.2051282051282
paucaCA,1.94871794871795
paucaCA,3.07692307692308
paucaCA,0.435897435897436
paucaCA,2.30769230769231
paucaCA,0.307692307692308
paucaCA,0.307692307692308
paucaCA,1.53846153846154
paucaCA,1.82051282051282
paucaCA,6.15384615384615
paucaCA,1.07692307692308
paucaCA,1.53846153846154
paucaCA,0
paucaCA,33.3076923076923
paucaCA,2.51282051282051
paucaCA,3.69230769230769
paucaCA,0.384615384615385
paucaCA,2.66666666666667
paucaCA,0.666666666666667
paucaCA,1.23076923076923
paucaCA,0.384615384615385
paucaCA,0.846153846153846
paucaCA,0.282051282051282
paucaCA,1.53846153846154
paucaCA,0.692307692307692
paucaCA,0
paucaCA,1
paucaCA,6
paucaCA,5.1025641025641
paucaCA,4.97435897435897
paucaCA,1.07692307692308
paucaCA,0.153846153846154
paucaCA,0.923076923076923
paucaCA,2.82051282051282
paucaCA,0.666666666666667
paucaCA,4.43589743589744
paucaCA,3.12820512820513
paucaCA,1.38461538461538
paucaCA,0
paucaCA,6.05128205128205
paucaCA,0
paucaCA,0
paucaCA,1.71794871794872
paucaCA,0
paucaCA,0
paucaCA,0.153846153846154
paucaCA,1.48717948717949
paucaCA,12.3076923076923
paucaCA,14.1025641025641
paucaCA,2.8974358974359
paucaCA,8.07692307692308
paucaCA,24.6153846153846
paucaCA,0
paucaCA,0.769230769230769
paucaCA,0
paucaCA,0
paucaCA,1
paucaCA,1.53846153846154
paucaCA,1.28205128205128
paucaCA,0.615384615384615
paucaCA,0
paucaCA,0.538461538461538
paucaCA,0
paucaCA,0.948717948717949
paucaCA,1.05128205128205
paucaCA,10.5897435897436
paucaCA,0
paucaCA,4.12820512820513
paucaCA,3.07692307692308
paucaCA,0.461538461538462
paucaCA,18.4615384615385
paucaCA,2.46153846153846
paucaCA,6.15384615384615
paucaCA,2.76923076923077
paucaCA,1.82051282051282
paucaCA,5.07692307692308
paucaCA,5.35897435897436
paucaCA,2.07692307692308
paucaCA,2.15384615384615
paucaCA,16.2307692307692
paucaCA,0.923076923076923
paucaCA,2.46153846153846
paucaCA,6
paucaCA,3.53846153846154
paucaCA,3.15384615384615
paucaCA,3.76923076923077
paucaCA,2.38461538461538
paucaCA,0.615384615384615
paucaCA,0.153846153846154
paucaCA,19.1282051282051
paucaCA,12
paucaCA,1.28205128205128
paucaCA,2.30769230769231
paucaCA,12
paucaCA,19.4871794871795
paucaCA,7.51282051282051
paucaCA,3.51282051282051
paucaCA,2
paucaCA,4.76923076923077
paucaCA,1.38461538461538
paucaCA,1.38461538461538
paucaCA,0.538461538461539
paucaCA,9.8974358974359
paucaCA,0.846153846153846
paucaCA,0.538461538461539
paucaCA,0.692307692307692
paucaCA,2.23076923076923
paucaCA,5.28205128205128
paucaCA,0.743589743589744
paucaCA,1.38461538461538
paucaCA,2.8974358974359
paucaCA,0
paucaCA,0.615384615384615
paucaCA,0.58974358974359
paucaCA,0.923076923076923
paucaCA,3.23076923076923
paucaCA,0.923076923076923
paucaCA,0
paucaCA,3.84615384615385
paucaCA,5.43589743589744
paucaCA,10.4615384615385
paucaCA,0.923076923076923
paucaCA,0.461538461538462
paucaCA,0.769230769230769
paucaCA,5.92307692307692
paucaCA,3.23076923076923
paucaCA,6.38461538461539
paucaCA,0.461538461538462
paucaCA,2.12820512820513
paucaCA,6.07692307692308
paucaCA,0.769230769230769
paucaCA,2.30769230769231
paucaCA,2.30769230769231
paucaCA,0.461538461538462
paucaCA,0.769230769230769
paucaCA,3.84615384615385
paucaCA,6.74358974358974
paucaCA,0
paucaCA,0
paucaCA,1.38461538461538
paucaCA,4.69230769230769
paucaCA,5.74358974358974
paucaCA,7.48717948717949
paucaCA,0.307692307692308
paucaCA,1.02564102564103
paucaCA,4.61538461538461
paucaCA,7.05128205128205
paucaCA,0.282051282051282
paucaCA,0.282051282051282
paucaCA,0
paucaCA,0
paucaCA,3.66666666666667
paucaCA,0.153846153846154
paucaCA,0.615384615384615
paucaCA,0.923076923076923
paucaCA,3.28205128205128
paucaCA,0.307692307692308
paucaCA,0.307692307692308
paucaCA,4.12820512820513
paucaCA,1.07692307692308
paucaCA,4.82051282051282
paucaCA,11.6410256410256
paucaCA,8.23076923076923
paucaCA,8.53846153846154
paucaCA,2.15384615384615
paucaCA,19.5897435897436
paucaCA,2.82051282051282
paucaCA,0.923076923076923
paucaCA,0.769230769230769
paucaCA,5.82051282051282
paucaCA,2.8974358974359
paucaCA,0.461538461538462
paucaCA,1.53846153846154
paucaCA,0
paucaCA,17.974358974359
paucaCA,0.153846153846154
paucaCA,3.92307692307692
paucaCA,6.58974358974359
paucaCA,1.74358974358974
paucaCA,0.461538461538462
paucaCA,0.923076923076923
paucaCA,0.307692307692308
paucaCA,0
paucaCA,1.38461538461538
paucaCA,0.794871794871795
paucaCA,0.461538461538462
paucaCA,0
paucaCA,0
paucaCA,0
paucaCA,0.153846153846154
paucaCA,0
paucaCA,0.538461538461539
paucaCA,0.384615384615385
paucaCA,0
paucaCA,0.897435897435897
paucaCA,0.153846153846154
paucaCA,0.384615384615385
paucaCA,0.461538461538462
paucaCA,0.461538461538462
paucaCA,0.846153846153846
paucaCA,0.538461538461539
paucaCA,0.153846153846154
paucaSA,0.333333333333333
paucaSA,0
paucaSA,0.333333333333333
paucaSA,5
paucaSA,6.33333333333333
paucaSA,13.3333333333333
paucaSA,7.66666666666667
paucaSA,0
paucaSA,2.33333333333333
paucaSA,5.33333333333333
paucaSA,1.33333333333333
paucaSA,2
paucaSA,0.333333333333333
paucaSA,2
paucaSA,1.66666666666667
paucaSA,11.3333333333333
paucaSA,3
paucaSA,6
paucaSA,4
paucaSA,8.33333333333333
paucaSA,3.33333333333333
paucaSA,8.33333333333333
paucaSA,13
paucaSA,1
paucaSA,2.33333333333333
paucaSA,0
paucaSA,1.66666666666667
paucaSA,3
paucaSA,0
paucaSA,1
paucaSA,0
paucaSA,0.666666666666667
paucaSA,1
paucaSA,0
paucaSA,0
paucaSA,0
paucaSA,0
paucaSA,0.666666666666667
paucaSA,0
paucaSA,0
paucaSA,0.333333333333333
paucaSA,0
paucaSA,0
paucaSA,0
paucaSA,0.333333333333333
paucaSA,0.333333333333333
paucaSA,4
paucaSA,0
paucaSA,7.66666666666667
paucaSA,11
paucaSA,0
paucaSA,0
paucaSA,0
paucaSA,1
paucaSA,0.333333333333333
paucaSA,0.333333333333333
paucaSA,0.333333333333333
paucaSA,0
paucaSA,0
paucaSA,0
paucaSA,1
paucaSA,0.333333333333333
paucaSA,0
paucaSA,2.33333333333333
paucaSA,6
paucaSA,0
paucaSA,0.333333333333333
paucaSA,2.66666666666667
paucaSA,0.333333333333333
paucaSA,1.33333333333333
paucaSA,0.666666666666667
paucaSA,2
paucaSA,6.66666666666667
paucaSA,4
paucaSA,1
paucaSA,1.66666666666667
paucaSA,0
paucaSA,4.66666666666667
paucaSA,4.66666666666667
paucaSA,1.33333333333333
paucaSA,0
paucaSA,1.33333333333333
paucaSA,0
paucaSA,17
paucaSA,1.2
paucaSA,0.333333333333333
paucaSA,0.666666666666667
paucaSA,0.666666666666667
paucaSA,0
paucaSA,0.333333333333333
paucaSA,0
paucaSA,1.33333333333333
paucaSA,0.666666666666667
paucaSA,0.333333333333333
paucaSA,0.666666666666667
paucaSA,0.333333333333333
paucaSA,0
paucaSA,0
paucaSA,0
paucaSA,0.333333333333333
paucaSA,0
paucaSA,0.333333333333333
paucaSA,0
paucaSA,0.666666666666667
paucaSA,0
paucaSA,0
paucaSA,0.333333333333333
paucaSA,0.333333333333333
paucaSA,1.66666666666667
paucaSA,0
paucaSA,0
paucaSA,0
paucaSA,0
paucaSA,0
paucaSA,1.66666666666667
paucaSA,1
paucaSA,4.66666666666667
paucaSA,4.33333333333333
paucaSA,0.333333333333333
paucaSA,1.66666666666667
paucaSA,4.33333333333333
paucaSA,11.6666666666667
paucaSA,0.333333333333333
paucaSA,1.33333333333333
paucaSA,0.333333333333333
paucaSA,3
paucaSA,0
paucaSA,0.666666666666667
paucaSA,6.33333333333333
paucaSA,3.66666666666667
paucaSA,0
paucaSA,0
paucaSA,0.333333333333333
paucaSA,0
paucaSA,0
paucaSA,0
paucaSA,0
paucaSA,0
paucaSA,0.333333333333333
paucaSA,1
paucaSA,0
paucaSA,0
paucaSA,0
paucaSA,0
paucaSA,0.333333333333333
paucaSA,0.666666666666667
paucaSA,1.66666666666667
paucaSA,5
paucaSA,1
paucaSA,2.66666666666667
paucaSA,3
paucaSA,16.3333333333333
paucaSA,3.33333333333333
paucaSA,0.333333333333333
paucaSA,0
paucaSA,0
paucaSA,0
paucaSA,0
paucaSA,0
paucaSA,0
paucaSA,0.333333333333333
paucaSA,0.666666666666667
paucaSA,0
paucaSA,1
paucaSA,0.333333333333333
paucaSA,0
paucaSA,0
paucaSA,1.66666666666667
paucaSA,0
paucaSA,0.666666666666667
paucaSA,0.333333333333333
paucaSA,0
paucaSA,0
paucaSA,0
paucaSA,0
paucaSA,0
paucaSA,0
paucaSA,0
paucaSA,0
paucaSA,0.333333333333333
paucaSA,2.33333333333333
paucaSA,4.33333333333333
paucaSA,7.33333333333333
paucaSA,9.33333333333333
paucaSA,0.333333333333333
paucaSA,4.2
paucaSA,1
paucaSA,6.13333333333333
paucaSA,2
paucaSA,0.333333333333333
paucaSA,4.66666666666667
paucaSA,11.4
paucaSA,0.666666666666667
paucaSA,0.666666666666667
paucaSA,0
paucaSA,0.666666666666667
paucaSA,0
paucaSA,0.333333333333333
paucaSA,0
paucaSA,0
paucaSA,0
paucaSA,0.333333333333333
paucaSA,0.333333333333333
paucaSA,0
paucaSA,0
paucaSA,0.666666666666667
paucaSA,0
paucaSA,0
paucaSA,0.666666666666667
paucaSA,1.33333333333333
paucaSA,0
paucaSA,6
paucaSA,5
paucaSA,5
paucaSA,2
paucaSA,12.3333333333333
paucaSA,19.2
paucaSA,6
paucaSA,0.333333333333333
paucaSA,0
paucaSA,0.333333333333333
paucaSA,1.33333333333333
paucaSA,9.33333333333333
paucaSA,0
paucaSA,1.33333333333333
paucaSA,4.66666666666667
paucaSA,10
paucaSA,2
paucaSA,1.66666666666667
paucaSA,1
paucaSA,8.66666666666667
paucaSA,1
paucaSA,0
paucaSA,0.333333333333333
paucaSA,1.66666666666667
paucaSA,2.66666666666667
paucaSA,1
paucaSA,1
paucaSA,4.66666666666667
paucaSA,0.333333333333333
paucaSA,0
paucaSA,6
paucaSA,0.666666666666667
paucaSA,2.66666666666667
paucaSA,4
paucaSA,4.66666666666667
paucaSA,3.33333333333333
paucaSA,3.33333333333333
paucaSA,0
paucaSA,0
paucaSA,0
paucaSA,0
paucaSA,0
paucaSA,1.33333333333333
paucaSA,1
paucaSA,3.33333333333333
paucaSA,3
paucaSA,0.666666666666667
paucaSA,1.66666666666667
paucaSA,2.66666666666667
paucaSA,7.33333333333333
paucaSA,7.66666666666667
paucaSA,0
paucaSA,0.333333333333333
paucaSA,0
paucaSA,0.333333333333333
paucaSA,2.33333333333333
paucaSA,7.33333333333333
paucaSA,5.33333333333333
paucaSA,2.66666666666667
paucaSA,0
paucaSA,0
paucaSA,0.666666666666667
paucaSA,2.33333333333333
paucaSA,0.333333333333333
paucaSA,0.666666666666667
paucaSA,0.666666666666667
paucaSA,1
paucaSA,1
paucaSA,1
paucaSA,0.333333333333333
paucaSA,5
paucaSA,1.66666666666667
paucaSA,5.66666666666667
paucaSA,3.66666666666667
paucaSA,3.33333333333333
paucaSA,0
paucaSA,3
paucaSA,0
paucaSA,0
paucaSA,0.333333333333333
paucaSA,1
paucaSA,0
paucaSA,0
paucaSA,2
paucaSA,3.33333333333333
paucaSA,4.66666666666667
paucaSA,2
paucaSA,3.66666666666667
paucaSA,3
paucaSA,10.6666666666667
paucaSA,8.33333333333333
paucaSA,11.6666666666667
paucaSA,3.33333333333333
paucaSA,0
paucaSA,0.333333333333333
paucaSA,1.33333333333333
paucaSA,12.6666666666667
paucaSA,2.66666666666667
paucaSA,0.333333333333333
paucaSA,0.333333333333333
paucaSA,0
paucaSA,0
paucaSA,0.333333333333333
paucaSA,0
paucaSA,4
paucaSA,7
paucaSA,1.33333333333333
paucaSA,4.66666666666667
paucaSA,5.33333333333333
paucaSA,1
paucaSA,0.333333333333333
paucaSA,0.333333333333333
paucaSA,0.333333333333333
paucaSA,0
paucaSA,3
paucaSA,3
paucaSA,4.33333333333333
paucaSA,3.33333333333333
paucaSA,8
paucaSA,0
paucaSA,0
paucaSA,0
paucaSA,0
paucaSA,0
paucaSA,0.333333333333333
paucaSA,0.333333333333333
paucaSA,0
paucaSA,0
paucaSA,0
paucaSA,0
paucaSA,0
paucaSA,3
paucaSA,0.333333333333333
paucaSA,17.6666666666667
paucaSA,8
paucaSA,0.333333333333333
paucaSA,0.666666666666667
paucaSA,2
paucaSA,0.333333333333333
paucaSA,1.66666666666667
paucaSA,0
paucaSA,0.666666666666667
paucaSA,0.333333333333333
paucaSA,2
paucaSA,0.333333333333333
paucaSA,0
paucaSA,0.333333333333333
paucaSA,0
paucaSA,3
paucaSA,2
paucaSA,0
paucaSA,7.33333333333333
paucaSA,4
paucaSA,0.666666666666667
paucaSA,0
paucaSA,0.333333333333333
paucaSA,0
paucaSA,0.333333333333333
paucaSA,0.666666666666667
paucaSA,0.333333333333333
paucaSA,0
paucaSA,0.333333333333333
paucaSA,0.333333333333333
paucaSA,0
paucaSA,0.333333333333333
paucaSA,0
paucaSA,0.333333333333333
paucaSA,0.333333333333333
paucaSA,0.333333333333333
paucaSA,0
paucaSA,0
paucaSA,0.333333333333333
paucaSA,0.333333333333333
paucaSA,0
paucaSA,0
paucaSA,0.333333333333333
paucaSA,0.333333333333333
paucaSA,0
paucaSA,0.333333333333333
paucaSA,3.66666666666667
paucaSA,1.66666666666667
paucaSA,1.66666666666667
paucaSA,1.66666666666667
paucaSA,1.33333333333333
paucaSA,2.33333333333333
paucaSA,2.66666666666667
paucaSA,1.33333333333333
paucaSA,0
paucaSA,7.66666666666667
paucaSA,4.66666666666667
paucaSA,5
paucaSA,16.3333333333333
paucaSA,0.666666666666667
paucaSA,3.33333333333333
paucaSA,0
paucaSA,0
paucaSA,0.333333333333333
paucaSA,6.8
paucaSA,2.93333333333333
paucaSA,25.2
paucaSA,5.8
paucaSA,2.13333333333333
paucaSA,0.866666666666667
paucaSA,0.333333333333333
paucaSA,0
paucaSA,2
paucaSA,0.333333333333333
paucaSA,0.666666666666667
paucaSA,0.333333333333333
paucaSA,0.333333333333333
paucaSA,0
paucaSA,1.33333333333333
paucaSA,0
paucaSA,2.66666666666667
paucaSA,3.66666666666667
paucaSA,7.33333333333333
paucaSA,4.33333333333333
paucaSA,5.66666666666667
paucaSA,0.666666666666667
paucaSA,1
paucaSA,3.33333333333333
paucaSA,3.66666666666667
paucaSA,5
paucaSA,27.3333333333333
paucaSA,19.3333333333333
paucaSA,29
paucaSA,8.33333333333333
paucaSA,0.333333333333333
paucaSA,2.33333333333333
paucaSA,0
paucaSA,0.333333333333333
paucaSA,0
paucaSA,2.66666666666667
paucaSA,10
paucaSA,3.66666666666667
paucaSA,0.666666666666667
paucaSA,0.666666666666667
paucaSA,0.333333333333333
paucaSA,61.3333333333333
paucaSA,5.33333333333333
paucaSA,32.3333333333333
paucaSA,4.33333333333333
paucaSA,7.33333333333333
paucaSA,1
paucaSA,5.66666666666667
paucaSA,8
paucaSA,14
paucaSA,0
paucaSA,0.333333333333333
paucaSA,0.333333333333333
paucaSA,0
paucaSA,0.333333333333333
paucaSA,0.333333333333333
paucaSA,0.333333333333333
paucaSA,0.333333333333333
paucaSA,1.66666666666667
paucaSA,0
paucaSA,0.333333333333333
paucaSA,0
paucaSA,0.333333333333333
paucaSA,0.333333333333333
paucaSA,0
paucaSA,0.533333333333333
paucaSA,0
paucaSA,1
paucaSA,0.333333333333333
paucaSA,0
paucaSA,3
paucaSA,0
paucaSA,0
paucaSA,0
paucaSA,0.333333333333333
paucaSA,0.333333333333333
paucaSA,3.33333333333333
paucaSA,0.666666666666667
paucaSA,1
paucaSA,8.53333333333333
paucaSA,0.333333333333333
paucaSA,6.66666666666667
paucaSA,0.666666666666667
paucaSA,0
paucaSA,11.3333333333333
paucaSA,0.333333333333333
paucaSA,0.666666666666667
paucaSA,0
paucaSA,0
paucaSA,2.33333333333333
paucaSA,0
paucaSA,0.666666666666667
paucaSA,5.33333333333333
paucaSA,6
paucaSA,12.3333333333333
paucaSA,0
paucaSA,8
paucaSA,6.66666666666667
paucaSA,6.33333333333333
paucaSA,0
paucaSA,0
paucaSA,0.666666666666667
paucaSA,0
paucaSA,0.333333333333333
paucaSA,0
paucaSA,0
paucaSA,0
paucaSA,0.333333333333333
paucaSA,0
paucaSA,0
paucaSA,0
paucaSA,0
paucaSA,0
paucaSA,0.333333333333333
paucaSA,0
paucaSA,0
paucaSA,0.333333333333333
paucaSA,0.333333333333333
paucaSA,0
paucaSA,1
paucaSA,0
paucaSA,0
paucaSA,0
paucaSA,8.66666666666667
paucaSA,0.666666666666667
paucaSA,0
paucaSA,0
paucaSA,0
paucaSA,0.666666666666667
paucaSA,2.66666666666667
paucaSA,0.333333333333333
paucaSA,5.66666666666667
paucaSA,0
paucaSA,0
paucaSA,0.333333333333333
paucaSA,0.333333333333333
paucaSA,0
paucaSA,0
paucaSA,0
paucaSA,0.333333333333333
paucaSA,0
paucaSA,2.66666666666667
paucaSA,0
paucaSA,0.333333333333333
paucaSA,0
paucaSA,0.333333333333333
paucaSA,0
paucaSA,0
paucaSA,0
paucaSA,0
paucaSA,0
paucaSA,0.333333333333333
paucaSA,1.33333333333333
paucaSA,0
paucaSA,0
paucaSA,5.33333333333333
paucaSA,1.33333333333333
paucaSA,0
paucaSA,0
paucaSA,0.333333333333333
paucaSA,0
paucaSA,0.333333333333333
paucaSA,0
paucaSA,0
paucaSA,0.333333333333333
paucaSA,0.333333333333333
paucaSA,0
paucaSA,1
paucaSA,0.333333333333333
paucaSA,3.33333333333333
paucaSA,4
paucaSA,0.666666666666667
paucaSA,0.666666666666667
paucaSA,0
paucaSA,0
paucaSA,0
paucaSA,0
paucaSA,0.333333333333333
paucaSA,4.66666666666667
paucaSA,0
paucaSA,4.66666666666667
paucaSA,1
paucaSA,0.333333333333333
paucaSA,0
paucaSA,6.33333333333333
paucaSA,1.66666666666667
paucaSA,0
paucaSA,0.666666666666667
paucaSA,0.666666666666667
paucaSA,0.333333333333333
paucaSA,0.666666666666667
paucaSA,0
paucaSA,1.33333333333333
paucaSA,6.33333333333333
paucaSA,3.33333333333333
paucaSA,2.33333333333333
paucaSA,6
paucaSA,0
paucaSA,0
paucaSA,2.66666666666667
paucaSA,0.666666666666667
paucaSA,4.33333333333333
paucaSA,0.333333333333333
paucaSA,2.66666666666667
paucaSA,2.33333333333333
paucaSA,1.66666666666667
paucaSA,1.66666666666667
paucaSA,0.333333333333333
paucaSA,3.33333333333333
paucaSA,11.6666666666667
paucaSA,12
paucaSA,8.33333333333333
paucaSA,1.33333333333333
paucaSA,10.3333333333333
paucaSA,9.2
paucaSA,0.333333333333333
paucaSA,0
paucaSA,0.333333333333333
paucaSA,0.333333333333333
paucaSA,0
paucaSA,0.333333333333333
paucaSA,0
paucaSA,0
paucaSA,0.333333333333333
paucaSA,0.666666666666667
paucaSA,0.666666666666667
paucaSA,1.66666666666667
paucaSA,0
paucaSA,1
paucaSA,0
paucaSA,0.333333333333333
paucaSA,0.333333333333333
paucaSA,0.333333333333333
paucaSA,9.66666666666667
paucaSA,0.333333333333333
paucaSA,0.333333333333333
paucaSA,0
paucaSA,0
paucaSA,0.333333333333333
paucaSA,0.333333333333333
paucaSA,0
paucaSA,0
paucaSA,0.666666666666667
paucaSA,0
paucaSA,0.666666666666667
paucaSA,0
paucaSA,0
paucaSA,0
paucaSA,0
paucaSA,0
paucaSA,2.33333333333333
paucaSA,0.333333333333333
paucaSA,0.333333333333333
paucaSA,0
paucaSA,3.33333333333333
paucaSA,0.333333333333333
paucaSA,0.666666666666667
paucaSA,6
paucaSA,1.33333333333333
paucaSA,6.2
paucaSA,0
paucaSA,0.333333333333333
paucaSA,4
paucaSA,0.333333333333333
paucaSA,0
paucaSA,14.6666666666667
paucaSA,1.33333333333333
paucaSA,17.3333333333333
paucaSA,11
paucaSA,1.33333333333333
paucaSA,0.666666666666667
paucaSA,0.666666666666667
paucaSA,0.333333333333333
paucaSA,0.333333333333333
paucaSA,2.33333333333333
paucaSA,0.333333333333333
paucaSA,0.333333333333333
paucaSA,0
paucaSA,0.333333333333333
paucaSA,0
paucaSA,0.333333333333333
paucaSA,0
paucaSA,0
paucaSA,0
paucaSA,0.333333333333333
paucaSA,0.666666666666667
paucaSA,2.66666666666667
paucaSA,0.333333333333333
paucaSA,0
paucaSA,0
paucaSA,0
paucaSA,0.666666666666667
paucaSA,0
paucaSA,0
paucaSA,0
paucaSA,1.66666666666667
paucaSA,5
paucaSA,7.33333333333333
paucaSA,1.33333333333333
paucaSA,26.3333333333333
paucaSA,5
paucaSA,0
paucaSA,5.66666666666667
paucaSA,26.3333333333333
paucaSA,26
paucaSA,2.66666666666667
paucaSA,7.66666666666667
paucaSA,6.66666666666667
paucaSA,1
paucaSA,0.333333333333333
paucaSA,2.66666666666667
paucaSA,0
paucaSA,0
paucaSA,0
paucaSA,15.3333333333333
paucaSA,0.333333333333333
paucaSA,0
paucaSA,0
paucaSA,0
paucaSA,0.666666666666667
paucaSA,0
paucaSA,0.333333333333333
paucaSA,0
paucaSA,0.666666666666667
paucaSA,0.666666666666667
paucaSA,0
paucaSA,0.666666666666667
paucaSA,0.333333333333333
paucaSA,4
paucaSA,0.666666666666667
paucaSA,9.33333333333333
paucaSA,5.66666666666667
paucaSA,9
paucaSA,4.66666666666667
paucaSA,5.33333333333333
paucaSA,6.66666666666667
paucaSA,0
paucaSA,0
paucaSA,0.333333333333333
paucaSA,0
paucaSA,0
paucaSA,0
paucaSA,0.333333333333333
paucaSA,0
paucaSA,0
paucaSA,0
paucaSA,0
paucaSA,0
paucaSA,0
paucaSA,0
paucaSA,0
paucaSA,0
paucaSA,0
paucaSA,0
paucaSA,0
paucaSA,0
paucaSA,0.333333333333333
paucaSA,0.333333333333333
paucaSA,0
paucaSA,0.333333333333333
paucaSA,0
paucaSA,0.333333333333333
paucaSA,0
paucaSA,3
paucaSA,5.66666666666667
paucaSA,5.33333333333333
paucaSA,0
paucaSA,0
paucaSA,0
paucaSA,0
paucaSA,0
paucaSA,0.333333333333333
paucaSA,0
paucaSA,0.333333333333333
paucaSA,5.33333333333333
paucaSA,0.666666666666667
paucaSA,0
paucaSA,0.666666666666667
paucaSA,0.666666666666667
paucaSA,0.333333333333333
paucaSA,0
paucaSA,7.66666666666667
paucaSA,0
paucaSA,0.333333333333333
paucaSA,0.333333333333333
paucaSA,0
paucaSA,0
paucaSA,3.33333333333333
paucaSA,7.66666666666667
paucaSA,0
paucaSA,0.333333333333333
paucaSA,0
paucaSA,0
paucaSA,0.866666666666667
paucaSA,0
paucaSA,0
paucaSA,0.333333333333333
paucaSA,1.66666666666667
paucaSA,0.333333333333333
paucaSA,0
paucaSA,0
paucaSA,0.666666666666667
paucaSA,0.333333333333333
paucaSA,1
paucaSA,0
paucaSA,0.333333333333333
paucaSA,0
paucaSA,0
paucaSA,4
paucaSA,0
paucaSA,0
paucaSA,0.333333333333333
paucaSA,0.666666666666667
paucaSA,5
paucaSA,17.6666666666667
paucaSA,2
paucaSA,11.6666666666667
paucaSA,4.33333333333333
paucaSA,4
paucaSA,0
paucaSA,0.333333333333333
paucaSA,0
paucaSA,10.6666666666667
paucaSA,0.333333333333333
paucaSA,0.666666666666667
paucaSA,0.333333333333333
paucaSA,1.66666666666667
paucaSA,0.666666666666667
paucaSA,3
paucaSA,2.33333333333333
paucaSA,17
paucaSA,0
paucaSA,0
paucaSA,0
paucaSA,0
paucaSA,0
paucaSA,0.333333333333333
paucaSA,0
paucaSA,0.333333333333333
paucaSA,2
paucaSA,14
paucaSA,1
paucaSA,12
paucaSA,0.666666666666667
paucaSA,0.666666666666667
paucaSA,0.666666666666667
paucaSA,0.333333333333333
paucaSA,0
paucaSA,2.66666666666667
paucaSA,1
paucaSA,2
paucaSA,1.33333333333333
paucaSA,0.333333333333333
paucaSA,0
paucaSA,0.333333333333333
paucaSA,0.333333333333333
paucaSA,0
paucaSA,1
paucaSA,0
paucaSA,0
paucaSA,0
paucaSA,0.333333333333333
paucaSA,0
paucaSA,1.66666666666667
paucaSA,8.33333333333333
paucaSA,2
paucaSA,0
paucaSA,0.333333333333333
paucaSA,3.66666666666667
paucaSA,0.333333333333333
paucaSA,0.333333333333333
paucaSA,1.33333333333333
paucaSA,2.66666666666667
paucaSA,0.333333333333333
paucaSA,9.66666666666667
paucaSA,46
paucaSA,4.53333333333333
paucaSA,8.33333333333333
paucaSA,1.66666666666667
paucaSA,0.333333333333333
paucaSA,0
paucaSA,1
paucaSA,1.66666666666667
paucaSA,2.33333333333333
paucaSA,0.333333333333333
paucaSA,2
paucaSA,1.33333333333333
paucaSA,0.333333333333333
paucaSA,0.333333333333333
paucaSA,0.666666666666667
paucaSA,0.333333333333333
paucaSA,2.33333333333333
paucaSA,0
paucaSA,0
paucaSA,0
paucaSA,0
paucaSA,0
paucaSA,0.666666666666667
paucaSA,0
paucaSA,0
paucaSA,0.666666666666667
paucaSA,0.666666666666667
paucaSA,0
paucaSA,6.33333333333333
paucaSA,0
paucaSA,2
paucaSA,1
paucaSA,3.66666666666667
paucaSA,2.66666666666667
paucaSA,1.66666666666667
paucaSA,3.33333333333333
paucaSA,0
paucaSA,0.333333333333333
paucaSA,0.666666666666667
paucaSA,17.3333333333333
paucaSA,0.333333333333333
paucaSA,5
paucaSA,9
paucaSA,4
paucaSA,1
paucaSA,0
paucaSA,0
paucaSA,0
paucaSA,0
paucaSA,5.33333333333333
paucaSA,0
paucaSA,0.666666666666667
paucaSA,0.333333333333333
paucaSA,3.33333333333333
paucaSA,7.33333333333333
paucaSA,0
paucaSA,0
paucaSA,0.333333333333333
paucaSA,0
paucaSA,0
paucaSA,0
paucaSA,5
paucaSA,0
paucaSA,0
paucaSA,0.333333333333333
paucaSA,0.333333333333333
paucaSA,0.333333333333333
paucaSA,0
paucaSA,0
paucaSA,0
paucaSA,0
paucaSA,0
paucaSA,0.666666666666667
paucaSA,0
paucaSA,0
paucaSA,0
paucaSA,0
paucaSA,0
paucaSA,0
paucaSA,0
paucaSA,0
paucaSA,0
paucaSA,0
paucaSA,0
paucaSA,0
paucaSA,0
paucaSA,0.333333333333333
paucaSA,0
paucaSA,0
paucaSA,0
paucaSA,0.333333333333333
paucaSA,0.333333333333333
paucaSA,0.333333333333333
paucaSA,0
paucaSA,0
paucaSA,0
paucaSA,0
paucaSA,0
paucaSA,0
paucaSA,0.333333333333333
paucaSA,0
paucaSA,0.333333333333333
paucaSA,0
paucaSA,0.666666666666667
paucaSA,0.666666666666667
paucaSA,0
paucaSA,0
paucaSA,4.33333333333333
paucaSA,0
paucaSA,0
paucaSA,1
paucaSA,0.666666666666667
paucaSA,0
paucaSA,0.333333333333333
paucaSA,0
paucaSA,0
paucaSA,0
paucaSA,0
paucaSA,2
paucaSA,13.3333333333333
paucaSA,3.2
paucaSA,12.8
paucaSA,6.66666666666667
paucaSA,8.93333333333333
paucaSA,9.53333333333333
paucaSA,7.73333333333333
paucaSA,6.73333333333333
paucaSA,6.66666666666667
paucaSA,0.666666666666667
paucaSA,0
paucaSA,0.333333333333333
paucaSA,6.66666666666667
paucaSA,4.33333333333333
paucaSA,1.33333333333333
paucaSA,0
paucaSA,11
paucaSA,0
paucaSA,0
paucaSA,0
paucaSA,0
paucaSA,1.33333333333333
paucaSA,0
paucaSA,0
paucaSA,0.666666666666667
paucaSA,31.3333333333333
paucaSA,2
paucaSA,6
paucaSA,0.333333333333333
paucaSA,0
paucaSA,0.333333333333333
paucaSA,0.666666666666667
paucaSA,0.333333333333333
paucaSA,0.333333333333333
paucaSA,0
paucaSA,0
paucaSA,0.333333333333333
paucaSA,2.33333333333333
paucaSA,0.333333333333333
paucaSA,0
paucaSA,17.3333333333333
paucaSA,3.66666666666667
paucaSA,0.333333333333333
paucaSA,15.6666666666667
paucaSA,12.6666666666667
paucaSA,0
paucaSA,7
paucaSA,12.3333333333333
paucaSA,4.33333333333333
paucaSA,0.333333333333333
paucaSA,3
paucaSA,0.333333333333333
paucaSA,0
paucaSA,0
paucaSA,4.66666666666667
paucaSA,6.66666666666667
paucaSA,6.33333333333333
paucaSA,0.333333333333333
paucaSA,0.333333333333333
paucaSA,0
paucaSA,0.666666666666667
paucaSA,0
paucaSA,0
paucaSA,0
paucaSA,0
paucaSA,1.33333333333333
paucaSA,0.333333333333333
paucaSA,0
paucaSA,1
paucaSA,0
paucaSA,12.3333333333333
paucaSA,1
paucaSA,0.666666666666667
paucaSA,0.333333333333333
paucaSA,0
paucaSA,0
paucaSA,1
paucaSA,0.333333333333333
paucaSA,0.666666666666667
paucaSA,4.86666666666667
paucaSA,22
paucaSA,9.66666666666667
paucaSA,0
paucaSA,0.333333333333333
paucaSA,0.333333333333333
paucaSA,0.333333333333333
paucaSA,0
paucaSA,0
paucaSA,1.33333333333333
paucaSA,0
paucaSA,0
paucaSA,0
paucaSA,0
paucaSA,0.666666666666667
paucaSA,0
paucaSA,0
paucaSA,0
paucaSA,3
paucaSA,0
paucaSA,2
paucaSA,0
paucaSA,0.666666666666667
paucaSA,2
paucaSA,0
paucaSA,0
paucaSA,2
paucaSA,0
paucaSA,0.666666666666667
paucaSA,0
paucaSA,0.333333333333333
paucaSA,0.666666666666667
paucaSA,0
paucaSA,0.333333333333333
paucaSA,0
paucaSA,0
paucaSA,0
paucaSA,0.333333333333333
paucaSA,0.333333333333333
paucaSA,0
paucaSA,0.666666666666667
paucaSA,0
paucaSA,0.333333333333333
paucaSA,0
paucaSA,0.333333333333333
paucaSA,0.333333333333333
paucaSA,0.333333333333333
paucaSA,0
paucaSA,15.6666666666667
paucaSA,2.66666666666667
paucaSA,0.666666666666667
paucaSA,0
paucaSA,1.66666666666667
paucaSA,2.33333333333333
paucaSA,1.33333333333333
paucaSA,0.333333333333333
paucaSA,0
paucaSA,0
paucaSA,0
paucaSA,0.666666666666667
paucaSA,0
paucaSA,0.666666666666667
paucaSA,0.666666666666667
paucaSA,0.333333333333333
paucaSA,0
paucaSA,0
paucaSA,0
paucaSA,0.333333333333333
paucaSA,0.666666666666667
paucaSA,0
paucaSA,0.333333333333333
paucaSA,0
paucaSA,0
paucaSA,0
paucaSA,2
paucaSA,0.333333333333333
paucaSA,0
paucaSA,0
paucaSA,0
paucaSA,0
paucaSA,0.666666666666667
paucaSA,0.333333333333333
paucaSA,0
paucaSA,0
paucaSA,23.6666666666667
paucaSA,0.333333333333333
paucaSA,1
paucaSA,0
paucaSA,0.333333333333333
paucaSA,0.666666666666667
paucaSA,0
paucaSA,1
paucaSA,0.666666666666667
paucaSA,0
paucaSA,33.3333333333333
paucaSA,0
paucaSA,0
paucaSA,0
paucaSA,0.666666666666667
paucaSA,0
paucaSA,0
paucaSA,0.333333333333333
paucaSA,0
paucaSA,0.333333333333333
paucaSA,16
paucaSA,0.333333333333333
paucaSA,1.33333333333333
paucaSA,1.33333333333333
paucaSA,0.333333333333333
paucaSA,0
paucaSA,0.666666666666667
paucaSA,1
paucaSA,2.33333333333333
paucaSA,6.66666666666667
paucaSA,5
paucaSA,0.666666666666667
paucaSA,0
paucaSA,0.333333333333333
paucaSA,0.333333333333333
paucaSA,0.333333333333333
paucaSA,9
paucaSA,1.66666666666667
paucaSA,3.66666666666667
paucaSA,1
paucaSA,0.333333333333333
paucaSA,13
paucaSA,0
paucaSA,0.333333333333333
paucaSA,0.666666666666667
paucaSA,0
paucaSA,0.333333333333333
paucaSA,0
paucaSA,0
paucaSA,4.33333333333333
paucaSA,7.33333333333333
paucaSA,0.333333333333333
paucaSA,0.333333333333333
paucaSA,8.33333333333333
paucaSA,3.33333333333333
paucaSA,0
paucaSA,1
paucaSA,1
paucaSA,1.66666666666667
paucaSA,0.333333333333333
paucaSA,3.33333333333333
paucaSA,4
paucaSA,0.333333333333333
paucaSA,3
paucaSA,1.66666666666667
paucaSA,3
paucaSA,10.3333333333333
paucaSA,0.333333333333333
paucaSA,0
paucaSA,0
paucaSA,1
paucaSA,2.66666666666667
paucaSA,0
paucaSA,0.333333333333333
paucaSA,0
paucaSA,0.333333333333333
paucaSA,0.333333333333333
paucaSA,0.333333333333333
paucaSA,4
paucaSA,0
paucaSA,0.333333333333333
paucaSA,7
paucaSA,0
paucaSA,0
paucaSA,1.33333333333333
paucaSA,1
paucaSA,3.66666666666667
paucaSA,3
paucaSA,1.66666666666667
paucaSA,0
paucaSA,0.333333333333333
paucaSA,0.666666666666667
paucaSA,1
paucaSA,0
paucaSA,0.333333333333333
paucaSA,0
paucaSA,0
paucaSA,1
paucaSA,0.333333333333333
paucaSA,0.333333333333333
paucaSA,0
paucaSA,0
paucaSA,0.333333333333333
paucaSA,0
paucaSA,0.333333333333333
paucaSA,0
paucaSA,0.666666666666667
paucaSA,0
paucaSA,0
paucaSA,0.333333333333333
paucaSA,0
paucaSA,0
paucaSA,9.66666666666667
paucaSA,12.3333333333333
paucaSA,2
paucaSA,0
paucaSA,0
paucaSA,0.333333333333333
paucaSA,1.33333333333333
paucaSA,0
paucaSA,1
paucaSA,0.333333333333333
paucaSA,0.333333333333333
paucaSA,0.333333333333333
paucaSA,1.33333333333333
paucaSA,0.666666666666667
paucaSA,9.33333333333333
paucaSA,0
paucaSA,0
paucaSA,0.333333333333333
paucaSA,0
paucaSA,1.66666666666667
paucaSA,0
paucaSA,0.333333333333333
paucaSA,3.66666666666667
paucaSA,0
paucaSA,0.333333333333333
paucaSA,0.333333333333333
paucaSA,0
paucaSA,0
paucaSA,0.333333333333333
paucaSA,0
paucaSA,0.333333333333333
paucaSA,0
paucaSA,0
paucaSA,21
paucaSA,0
paucaSA,0
paucaSA,1.66666666666667
paucaSA,0.333333333333333
paucaSA,0
paucaSA,2
paucaSA,0.666666666666667
paucaSA,0.333333333333333
paucaSA,0.333333333333333
paucaSA,0.333333333333333
paucaSA,0.333333333333333
paucaSA,0.333333333333333
paucaSA,0
paucaSA,0
paucaSA,0
paucaSA,0.333333333333333
paucaSA,0.666666666666667
paucaSA,8.66666666666667
paucaSA,5.66666666666667
paucaSA,0.666666666666667
paucaSA,6.33333333333333
paucaSA,0
paucaSA,0
paucaSA,0
paucaSA,0
paucaSA,0.333333333333333
paucaSA,1
multiplex,2.39166666666667
multiplex,0.125
multiplex,0.25
multiplex,0.458333333333333
multiplex,0.583333333333333
multiplex,1.225
multiplex,2.575
multiplex,0.125
multiplex,0
multiplex,0
multiplex,0.758333333333333
multiplex,2.99166666666667
multiplex,0.583333333333333
multiplex,0.458333333333333
multiplex,1.75
multiplex,1.375
multiplex,0.375
multiplex,1.56666666666667
multiplex,0.708333333333333
multiplex,0.325
multiplex,0
multiplex,0.5
multiplex,5.89166666666667
multiplex,1.325
multiplex,3.75833333333333
multiplex,5.26666666666667
multiplex,0.833333333333333
multiplex,0.125
multiplex,2.21666666666667
multiplex,1.84166666666667
multiplex,1.775
multiplex,0
multiplex,1.625
multiplex,0
multiplex,0
multiplex,0.458333333333333
multiplex,0.25
multiplex,0.958333333333333
multiplex,0
multiplex,0.125
multiplex,0.591666666666667
multiplex,0
multiplex,1.25
multiplex,0
multiplex,0
multiplex,3.00833333333333
multiplex,3.58333333333333
multiplex,0
multiplex,0.625
multiplex,0.375
multiplex,0.875
multiplex,0.75
multiplex,0.983333333333333
multiplex,8.7
multiplex,0.725
multiplex,1.125
multiplex,0.125
multiplex,3.075
multiplex,0.483333333333333
multiplex,0
multiplex,1.7
multiplex,0.25
multiplex,0.608333333333333
multiplex,0.125
multiplex,0.4
multiplex,0
multiplex,0.458333333333333
multiplex,0.325
multiplex,0.125
multiplex,0
multiplex,0
multiplex,1.06666666666667
multiplex,1.96666666666667
multiplex,0.483333333333333
multiplex,0
multiplex,0.375
multiplex,0
multiplex,0.458333333333333
multiplex,0
multiplex,0.483333333333333
multiplex,0.125
multiplex,0.458333333333333
multiplex,0
multiplex,5.29166666666667
multiplex,3.5
multiplex,2.60833333333333
multiplex,1.625
multiplex,3.09166666666667
multiplex,0.125
multiplex,1.325
multiplex,0.375
multiplex,0.458333333333333
multiplex,0.125
multiplex,0.358333333333333
multiplex,1.09166666666667
multiplex,3.25
multiplex,0
multiplex,1.79166666666667
multiplex,0.825
multiplex,1.45833333333333
multiplex,0.25
multiplex,0.458333333333333
multiplex,0
multiplex,0
multiplex,0.458333333333333
multiplex,0.125
multiplex,0.758333333333333
multiplex,3.94166666666667
multiplex,3.69166666666667
multiplex,0.125
multiplex,0.125
multiplex,0
multiplex,0
multiplex,0
multiplex,0.233333333333333
multiplex,1.94166666666667
multiplex,1.69166666666667
multiplex,2.33333333333333
multiplex,0.4
multiplex,0.25
multiplex,2.84166666666667
multiplex,4.04166666666667
multiplex,4.75
multiplex,1.10833333333333
multiplex,0.766666666666667
multiplex,1.56666666666667
multiplex,1.275
multiplex,6.90833333333333
multiplex,0.625
multiplex,22
multiplex,10.0416666666667
multiplex,0.125
multiplex,1.875
multiplex,0.866666666666667
multiplex,0.925
multiplex,0.525
multiplex,0.25
multiplex,0.233333333333333
multiplex,0
multiplex,0.458333333333333
multiplex,3.4
multiplex,1.38333333333333
multiplex,2.21666666666667
multiplex,0.25
multiplex,2
multiplex,0.233333333333333
multiplex,0.25
multiplex,1.75
multiplex,0
multiplex,0
multiplex,1.075
multiplex,4
multiplex,1.81666666666667
multiplex,2.60833333333333
multiplex,4.43333333333333
multiplex,1.95833333333333
multiplex,0.558333333333333
multiplex,0.375
multiplex,0.358333333333333
multiplex,2.1
multiplex,0.625
multiplex,1.7
multiplex,1.875
multiplex,2.875
multiplex,0.5
multiplex,0.525
multiplex,0.458333333333333
multiplex,1.375
multiplex,0.25
multiplex,0.233333333333333
multiplex,0.4
multiplex,0
multiplex,0.775
multiplex,0.608333333333333
multiplex,0.375
multiplex,0.125
multiplex,0.25
multiplex,0.25
multiplex,0.458333333333333
multiplex,0.375
multiplex,0.125
multiplex,0
multiplex,0.808333333333333
multiplex,0
multiplex,0.25
multiplex,2.81666666666667
multiplex,0
multiplex,1.4
multiplex,0.4
multiplex,1.08333333333333
multiplex,0.375
multiplex,0.375
multiplex,0.125
multiplex,0.233333333333333
multiplex,0.625
multiplex,3.26666666666667
multiplex,0.358333333333333
multiplex,0
multiplex,0.458333333333333
multiplex,0.983333333333333
multiplex,0.125
multiplex,0
multiplex,0.4
multiplex,0.233333333333333
multiplex,0
multiplex,1.25
multiplex,4.23333333333333
multiplex,0.458333333333333
multiplex,0.625
multiplex,0.941666666666667
multiplex,0.525
multiplex,0.858333333333333
multiplex,0.233333333333333
multiplex,0.125
multiplex,0.125
multiplex,1.5
multiplex,4.34166666666667
multiplex,0.7
multiplex,5.36666666666667
multiplex,1.4
multiplex,0.95
multiplex,0.25
multiplex,0.625
multiplex,0.375
multiplex,0.825
multiplex,0.85
multiplex,4.26666666666667
multiplex,0.983333333333333
multiplex,1.48333333333333
multiplex,2
multiplex,1.525
multiplex,1.98333333333333
multiplex,0.125
multiplex,0.608333333333333
multiplex,2.48333333333333
multiplex,2.98333333333333
multiplex,0.125
multiplex,0
multiplex,2.26666666666667
multiplex,0.583333333333333
multiplex,1.025
multiplex,0.358333333333333
multiplex,0
multiplex,0.358333333333333
multiplex,0
multiplex,0.125
multiplex,1.23333333333333
multiplex,1.075
multiplex,0.875
multiplex,1.675
multiplex,0.733333333333333
multiplex,0.608333333333333
multiplex,1.5
multiplex,0.65
multiplex,1.25
multiplex,0.25
multiplex,1.45833333333333
multiplex,2.58333333333333
multiplex,0.125
multiplex,19.3333333333333
multiplex,2.84166666666667
multiplex,3.475
multiplex,0.125
multiplex,0.45
multiplex,0.25
multiplex,2.79166666666667
multiplex,2.425
multiplex,1.05833333333333
multiplex,1.3
multiplex,0.983333333333333
multiplex,0.525
multiplex,0.608333333333333
multiplex,0.875
multiplex,0.358333333333333
multiplex,1.10833333333333
multiplex,2.15
multiplex,0.5
multiplex,0.625
multiplex,1.41666666666667
multiplex,1.48333333333333
multiplex,0.125
multiplex,1.09166666666667
multiplex,0.5
multiplex,0.125
multiplex,0
multiplex,0.125
multiplex,0
multiplex,0
multiplex,0
multiplex,0
multiplex,0.125
multiplex,0.983333333333333
multiplex,0.25
multiplex,0
multiplex,0.916666666666667
multiplex,1.83333333333333
multiplex,0.325
multiplex,0
multiplex,0.5
multiplex,0
multiplex,0.816666666666667
multiplex,0.25
multiplex,0
multiplex,0.375
multiplex,0.583333333333333
multiplex,1.36666666666667
multiplex,0.858333333333333
multiplex,1.625
multiplex,0.483333333333333
multiplex,0.583333333333333
multiplex,0.625
multiplex,0
multiplex,0
multiplex,2.33333333333333
multiplex,1.58333333333333
multiplex,0
multiplex,0.4
multiplex,0.25
multiplex,0
multiplex,0.375
multiplex,0
multiplex,0.125
multiplex,0
multiplex,1.475
multiplex,0.233333333333333
multiplex,0.25
multiplex,0.458333333333333
multiplex,0
multiplex,0
multiplex,0.5
multiplex,0.125
multiplex,1.275
multiplex,0
multiplex,0
multiplex,1.25
multiplex,6
multiplex,0.25
multiplex,1.75
multiplex,1.125
multiplex,2.23333333333333
multiplex,1.375
multiplex,2.23333333333333
multiplex,0.125
multiplex,0.125
multiplex,0.9
multiplex,0.25
multiplex,0.4
multiplex,0.825
multiplex,3.51666666666667
multiplex,4.21666666666667
multiplex,6.96666666666667
multiplex,0.933333333333333
multiplex,0.95
multiplex,1.41666666666667
multiplex,1.3
multiplex,1.78333333333333
multiplex,0.375
multiplex,0.325
multiplex,0
multiplex,0.125
multiplex,0
multiplex,0.125
multiplex,0.866666666666667
multiplex,1.25833333333333
multiplex,0.708333333333333
multiplex,2.34166666666667
multiplex,1.43333333333333
multiplex,0.841666666666667
multiplex,1.08333333333333
multiplex,2.84166666666667
multiplex,5.025
multiplex,4.51666666666667
multiplex,4.81666666666667
multiplex,11.0333333333333
multiplex,3.85833333333333
multiplex,1.125
multiplex,0.125
multiplex,0.25
multiplex,1.25
multiplex,0.5
multiplex,0
multiplex,0.583333333333333
multiplex,0
multiplex,0.375
multiplex,0.125
multiplex,0
multiplex,0.458333333333333
multiplex,0.558333333333333
multiplex,1.6
multiplex,0.375
multiplex,0.75
multiplex,0.608333333333333
multiplex,0.983333333333333
multiplex,0.125
multiplex,0
multiplex,0
multiplex,0.45
multiplex,1.25
multiplex,0.233333333333333
multiplex,0.858333333333333
multiplex,0.466666666666667
multiplex,1.125
multiplex,2.51666666666667
multiplex,0
multiplex,1.475
multiplex,0.375
multiplex,3.19166666666667
multiplex,0.583333333333333
multiplex,0.583333333333333
multiplex,0.45
multiplex,2.275
multiplex,1.29166666666667
multiplex,0.7
multiplex,7.175
multiplex,3.88333333333333
multiplex,0.7
multiplex,2.8
multiplex,2.63333333333333
multiplex,2.4
multiplex,0.625
multiplex,0
multiplex,0.25
multiplex,2.75
multiplex,0.125
multiplex,2.925
multiplex,1.625
multiplex,2.10833333333333
multiplex,0.75
multiplex,3.625
multiplex,0
multiplex,0
multiplex,0.125
multiplex,0
multiplex,0
multiplex,0.458333333333333
multiplex,0
multiplex,0.125
multiplex,0.125
multiplex,0
multiplex,0.4
multiplex,1.21666666666667
multiplex,3.58333333333333
multiplex,3.31666666666667
multiplex,0.691666666666667
multiplex,2.875
multiplex,3.625
multiplex,0.458333333333333
multiplex,0.833333333333333
multiplex,3.10833333333333
multiplex,22.0833333333333
multiplex,0.833333333333333
multiplex,0.325
multiplex,0.875
multiplex,0.358333333333333
multiplex,0
multiplex,1.775
multiplex,0.25
multiplex,0.233333333333333
multiplex,0
multiplex,1.325
multiplex,0.7
multiplex,0.633333333333333
multiplex,0
multiplex,0.591666666666667
multiplex,0
multiplex,0.483333333333333
multiplex,0.825
multiplex,0.7
multiplex,3.01666666666667
multiplex,1.35833333333333
multiplex,2.125
multiplex,0.466666666666667
multiplex,0.25
multiplex,1.04166666666667
multiplex,0
multiplex,0.4
multiplex,0
multiplex,0
multiplex,1.575
multiplex,1.33333333333333
multiplex,0
multiplex,0
multiplex,0
multiplex,0
multiplex,3.55
multiplex,0.125
multiplex,0
multiplex,0.125
multiplex,0
multiplex,0.125
multiplex,0
multiplex,0
multiplex,5.43333333333333
multiplex,0.5
multiplex,0.125
multiplex,0.75
multiplex,1.375
multiplex,7.25833333333333
multiplex,3.575
multiplex,0.233333333333333
multiplex,1.375
multiplex,0.358333333333333
multiplex,2.69166666666667
multiplex,0.916666666666667
multiplex,0.125
multiplex,0.5
multiplex,0
multiplex,0.25
multiplex,1.85833333333333
multiplex,1.60833333333333
multiplex,0.458333333333333
multiplex,0.858333333333333
multiplex,0
multiplex,0.4
multiplex,0
multiplex,0.525
multiplex,0.458333333333333
multiplex,0.125
multiplex,0
multiplex,0
multiplex,0.25
multiplex,0.233333333333333
multiplex,0
multiplex,0.25
multiplex,0
multiplex,0.125
multiplex,0
multiplex,0.583333333333333
multiplex,0.816666666666667
multiplex,0.8
multiplex,1.58333333333333
multiplex,0.991666666666667
multiplex,0.125
multiplex,1.75833333333333
multiplex,1.91666666666667
multiplex,5.06666666666667
multiplex,2.625
multiplex,0.233333333333333
multiplex,0.375
multiplex,0.325
multiplex,0
multiplex,0.325
multiplex,0.975
multiplex,1.20833333333333
multiplex,0
multiplex,0
multiplex,0.875
multiplex,3.25
multiplex,0.875
multiplex,0.375
multiplex,1.125
multiplex,1.21666666666667
multiplex,0.375
multiplex,6.85833333333333
multiplex,4.83333333333333
multiplex,0.25
multiplex,0.5
multiplex,0
multiplex,0
multiplex,0.4
multiplex,0.525
multiplex,0
multiplex,0.583333333333333
multiplex,0.375
multiplex,0.125
multiplex,2.40833333333333
multiplex,3.04166666666667
multiplex,0.625
multiplex,3.26666666666667
multiplex,1.75833333333333
multiplex,0.65
multiplex,2.10833333333333
multiplex,1.99166666666667
multiplex,0.9
multiplex,1.56666666666667
multiplex,4.11666666666667
multiplex,0.125
multiplex,0
multiplex,1.05833333333333
multiplex,0.716666666666667
multiplex,2.48333333333333
multiplex,1.525
multiplex,0.875
multiplex,0.25
multiplex,1.575
multiplex,0.5
multiplex,1.875
multiplex,0.458333333333333
multiplex,4.075
multiplex,0.458333333333333
multiplex,3.41666666666667
multiplex,0
multiplex,0.708333333333333
multiplex,0.691666666666667
multiplex,0.125
multiplex,2.04166666666667
multiplex,0.958333333333333
multiplex,0.25
multiplex,0
multiplex,0
multiplex,0.591666666666667
multiplex,0
multiplex,0.233333333333333
multiplex,3.71666666666667
multiplex,5.525
multiplex,1.3
multiplex,6.91666666666667
multiplex,3.1
multiplex,3.28333333333333
multiplex,3.60833333333333
multiplex,0
multiplex,1.825
multiplex,2.85
multiplex,0.125
multiplex,0.45
multiplex,0.325
multiplex,1.48333333333333
multiplex,1.35833333333333
multiplex,1.71666666666667
multiplex,2.31666666666667
multiplex,1.68333333333333
multiplex,2.26666666666667
multiplex,0.525
multiplex,0.925
multiplex,0.25
multiplex,0.125
multiplex,0.125
multiplex,0
multiplex,0
multiplex,0.375
multiplex,0.125
multiplex,3.65
multiplex,0.125
multiplex,0.525
multiplex,0.783333333333333
multiplex,0
multiplex,0.25
multiplex,0.7
multiplex,0.4
multiplex,0.525
multiplex,4.33333333333333
multiplex,3.20833333333333
multiplex,4.11666666666667
multiplex,3.03333333333333
multiplex,1.75833333333333
multiplex,1.9
multiplex,2.89166666666667
multiplex,2.18333333333333
multiplex,0.125
multiplex,0.125
multiplex,3.03333333333333
multiplex,2.45833333333333
multiplex,3.69166666666667
multiplex,0.375
multiplex,0.458333333333333
multiplex,0.233333333333333
multiplex,2.41666666666667
multiplex,0
multiplex,0.591666666666667
multiplex,0.125
multiplex,0.125
multiplex,0.125
multiplex,0.358333333333333
multiplex,2.28333333333333
multiplex,0
multiplex,1.19166666666667
multiplex,0.5
multiplex,1.9
multiplex,1.9
multiplex,0
multiplex,1.25
multiplex,1.23333333333333
multiplex,0.125
multiplex,2.09166666666667
multiplex,2.08333333333333
multiplex,19.7
multiplex,5.39166666666667
multiplex,1.70833333333333
multiplex,0
multiplex,0.358333333333333
multiplex,0
multiplex,0
multiplex,1.525
multiplex,1.23333333333333
multiplex,2.98333333333333
multiplex,0.125
multiplex,0.125
multiplex,0.65
multiplex,0.983333333333333
multiplex,1.34166666666667
multiplex,3.75833333333333
multiplex,0.233333333333333
multiplex,0
multiplex,0
multiplex,1.025
multiplex,0
multiplex,0
multiplex,0.233333333333333
multiplex,0
multiplex,2.20833333333333
multiplex,1.25
multiplex,1.875
multiplex,0.125
multiplex,5.05833333333333
multiplex,5.28333333333333
multiplex,0.983333333333333
multiplex,1.275
multiplex,21.225
multiplex,0
multiplex,10.5
multiplex,8.75
multiplex,16.5083333333333
multiplex,50.2416666666667
multiplex,4.23333333333333
multiplex,16.45
multiplex,3.11666666666667
multiplex,0.958333333333333
multiplex,1.16666666666667
multiplex,0
multiplex,0
multiplex,0
multiplex,0.125
multiplex,18.825
multiplex,0.375
multiplex,0
multiplex,0
multiplex,0
multiplex,0.125
multiplex,0.25
multiplex,0
multiplex,0
multiplex,0
multiplex,0
multiplex,0
multiplex,0.125
multiplex,0
multiplex,0.25
multiplex,3.34166666666667
multiplex,13.3333333333333
multiplex,1.95
multiplex,3.54166666666667
multiplex,0.716666666666667
multiplex,0.358333333333333
multiplex,0.4
multiplex,0.608333333333333
multiplex,0
multiplex,0
multiplex,0
multiplex,0
multiplex,0.125
multiplex,1.75
multiplex,3.51666666666667
multiplex,0
multiplex,0.4
multiplex,0.525
multiplex,0.983333333333333
multiplex,0.25
multiplex,0.25
multiplex,0.941666666666667
multiplex,3.40833333333333
multiplex,2.1
multiplex,0.933333333333333
multiplex,1.16666666666667
multiplex,5.125
multiplex,4.68333333333333
multiplex,1.16666666666667
multiplex,2.56666666666667
multiplex,3.64166666666667
multiplex,4.21666666666667
multiplex,0.358333333333333
multiplex,3.29166666666667
multiplex,2.79166666666667
multiplex,3.08333333333333
multiplex,1.125
multiplex,0
multiplex,0
multiplex,0
multiplex,0.358333333333333
multiplex,1.1
multiplex,0.466666666666667
multiplex,0
multiplex,0.958333333333333
multiplex,2.30833333333333
multiplex,7.325
multiplex,1
multiplex,4.20833333333333
multiplex,0.858333333333333
multiplex,1.325
multiplex,0.483333333333333
multiplex,12.4916666666667
multiplex,1.3
multiplex,1.875
multiplex,0.691666666666667
multiplex,1.41666666666667
multiplex,1.8
multiplex,5.1
multiplex,2.25833333333333
multiplex,0
multiplex,6.29166666666667
multiplex,0
multiplex,1.45833333333333
multiplex,0
multiplex,0.583333333333333
multiplex,2.575
multiplex,0.25
multiplex,2.96666666666667
multiplex,0.25
multiplex,0
multiplex,0.125
multiplex,0.608333333333333
multiplex,0
multiplex,0.125
multiplex,0.5
multiplex,1.125
multiplex,0.5
multiplex,0.125
multiplex,0.525
multiplex,0
multiplex,0.233333333333333
multiplex,0.4
multiplex,0.583333333333333
multiplex,0.125
multiplex,4.99166666666667
multiplex,0.858333333333333
multiplex,4.25
multiplex,0.691666666666667
multiplex,0.25
multiplex,0.525
multiplex,0
multiplex,1.45
multiplex,1.6
multiplex,0.483333333333333
multiplex,0.125
multiplex,1.125
multiplex,0.825
multiplex,0.95
multiplex,5.58333333333333
multiplex,1
multiplex,1.08333333333333
multiplex,0
multiplex,0.125
multiplex,0
multiplex,0
multiplex,1.05833333333333
multiplex,0.125
multiplex,0.125
multiplex,2.35833333333333
multiplex,2.38333333333333
multiplex,3.98333333333333
multiplex,0.483333333333333
multiplex,0.466666666666667
multiplex,0.583333333333333
multiplex,3
multiplex,0
multiplex,0
multiplex,0
multiplex,5.25
multiplex,0.4
multiplex,1
multiplex,0.633333333333333
multiplex,0.708333333333333
multiplex,2.90833333333333
multiplex,2.19166666666667
multiplex,1.125
multiplex,1.05833333333333
multiplex,0
multiplex,0.933333333333333
multiplex,1
multiplex,1.1
multiplex,2.075
multiplex,3.475
multiplex,0.466666666666667
multiplex,1.63333333333333
multiplex,1.29166666666667
multiplex,0.916666666666667
multiplex,0.125
multiplex,0.375
multiplex,0.858333333333333
multiplex,0.25
multiplex,0.583333333333333
multiplex,1.29166666666667
multiplex,0.591666666666667
multiplex,0.5
multiplex,0.875
multiplex,2.83333333333333
multiplex,0.25
multiplex,0.125
multiplex,0.25
multiplex,0.758333333333333
multiplex,0.4
multiplex,1.775
multiplex,1.46666666666667
multiplex,0.125
multiplex,2.63333333333333
multiplex,4.675
multiplex,0.375
multiplex,0.983333333333333
multiplex,2.20833333333333
multiplex,2.75
multiplex,1.875
multiplex,0.375
multiplex,1.98333333333333
multiplex,0.25
multiplex,0.125
multiplex,2.7
multiplex,0.375
multiplex,0.875
multiplex,1.28333333333333
multiplex,6.19166666666667
multiplex,2
multiplex,0.125
multiplex,3
multiplex,0.983333333333333
multiplex,4.96666666666667
multiplex,0.375
multiplex,0.25
multiplex,0
multiplex,0.5
multiplex,0
multiplex,0.5
multiplex,1.7
multiplex,2.825
multiplex,1.75
multiplex,0.125
multiplex,1.34166666666667
multiplex,7.075
multiplex,3.35
multiplex,5.71666666666667
multiplex,1.20833333333333
multiplex,0.125
multiplex,0
multiplex,0
multiplex,0
multiplex,0.233333333333333
multiplex,0.833333333333333
multiplex,0.458333333333333
multiplex,0
multiplex,0
multiplex,0.716666666666667
multiplex,0.575
multiplex,1
multiplex,4.025
multiplex,3.775
multiplex,0.975
multiplex,2.775
multiplex,0.458333333333333
multiplex,0.9
multiplex,0.983333333333333
multiplex,0.125
multiplex,0.125
multiplex,0.375
multiplex,0.633333333333333
multiplex,0
multiplex,0
multiplex,0.25
multiplex,0.125
multiplex,0
multiplex,0.625
multiplex,0
multiplex,0
multiplex,0.125
multiplex,0
multiplex,0
multiplex,0.708333333333333
multiplex,0
multiplex,0.125
multiplex,0
multiplex,0
multiplex,0
multiplex,0
multiplex,0
multiplex,0.125
multiplex,0.233333333333333
multiplex,0.708333333333333
multiplex,0
multiplex,0
multiplex,0
multiplex,0.125
multiplex,0.125
multiplex,0
multiplex,0.25
multiplex,0
multiplex,0.65
multiplex,0.65
multiplex,0.125
multiplex,0
multiplex,0
multiplex,0.233333333333333
multiplex,1.04166666666667
multiplex,0.4
multiplex,0
multiplex,0.625
multiplex,0
multiplex,0.125
multiplex,0
multiplex,0
multiplex,0
multiplex,0
multiplex,0.125
multiplex,0.483333333333333
multiplex,0.25
multiplex,2.43333333333333
multiplex,3.45833333333333
multiplex,0.5
multiplex,5.60833333333333
multiplex,1.225
multiplex,2.06666666666667
multiplex,2.80833333333333
multiplex,0
multiplex,0
multiplex,1.48333333333333
multiplex,1.575
multiplex,5.20833333333333
multiplex,2.05
multiplex,0.4
multiplex,5.11666666666667
multiplex,1.91666666666667
multiplex,0.4
multiplex,0
multiplex,0
multiplex,0
multiplex,0.758333333333333
multiplex,0.233333333333333
multiplex,4.81666666666667
multiplex,0
multiplex,0.25
multiplex,6.58333333333333
multiplex,10.6
multiplex,0.958333333333333
multiplex,0.933333333333333
multiplex,5.23333333333333
multiplex,0
multiplex,4
multiplex,0.375
multiplex,0.375
multiplex,0.625
multiplex,1.125
multiplex,0.625
multiplex,0.325
multiplex,18.1833333333333
multiplex,0.233333333333333
multiplex,0
multiplex,3.53333333333333
multiplex,0
multiplex,0.25
multiplex,5.55833333333333
multiplex,1.075
multiplex,0.125
multiplex,8.16666666666667
multiplex,1.05833333333333
multiplex,0.65
multiplex,0.833333333333333
multiplex,0.875
multiplex,0.966666666666667
multiplex,1.2
multiplex,7.44166666666667
multiplex,1.5
multiplex,1.575
multiplex,2
multiplex,0
multiplex,0
multiplex,0
multiplex,0
multiplex,0.458333333333333
multiplex,0.125
multiplex,0.125
multiplex,0.125
multiplex,6.40833333333333
multiplex,0.458333333333333
multiplex,0.525
multiplex,2.675
multiplex,1.725
multiplex,4.79166666666667
multiplex,0.458333333333333
multiplex,0.983333333333333
multiplex,0.591666666666667
multiplex,0
multiplex,0.816666666666667
multiplex,0.991666666666667
multiplex,0.125
multiplex,1.03333333333333
multiplex,0.25
multiplex,1
multiplex,0.25
multiplex,0
multiplex,1.5
multiplex,1.95
multiplex,0.233333333333333
multiplex,0
multiplex,0.25
multiplex,8.85
multiplex,3.13333333333333
multiplex,0.625
multiplex,0.466666666666667
multiplex,0.233333333333333
multiplex,1.04166666666667
multiplex,2.375
multiplex,1.11666666666667
multiplex,1.05833333333333
multiplex,4.13333333333333
multiplex,0.525
multiplex,2.05833333333333
multiplex,2.75
multiplex,1.93333333333333
multiplex,6.28333333333333
multiplex,0
multiplex,0
multiplex,1.575
multiplex,1.6
multiplex,0.691666666666667
multiplex,0.983333333333333
multiplex,2.125
multiplex,0.125
multiplex,0.125
multiplex,1.00833333333333
multiplex,1.48333333333333
multiplex,0
multiplex,0
multiplex,0.525
multiplex,0
multiplex,0.583333333333333
multiplex,0.925
multiplex,1.725
multiplex,0
multiplex,0.125
multiplex,1.30833333333333
multiplex,2.34166666666667
multiplex,1.575
multiplex,0.5
multiplex,0
multiplex,0
multiplex,0.125
multiplex,0.875
multiplex,1.75
multiplex,3.025
multiplex,0.233333333333333
multiplex,0.5
multiplex,0.25
multiplex,0.5
multiplex,0.125
multiplex,1.98333333333333
multiplex,0.375
multiplex,2.81666666666667
multiplex,0.75
multiplex,0.833333333333333
multiplex,1.8
multiplex,0
multiplex,0.375
multiplex,1.33333333333333
multiplex,6.70833333333333
multiplex,1.025
multiplex,0.125
multiplex,1.625
multiplex,2.86666666666667
multiplex,0.125
multiplex,0.558333333333333
multiplex,1.75
multiplex,0.458333333333333
multiplex,0.916666666666667
multiplex,0
multiplex,0.125
multiplex,0.4
multiplex,0
multiplex,0.125
multiplex,1.875
multiplex,6.5
multiplex,0.525
multiplex,0.458333333333333
multiplex,0
multiplex,1.06666666666667
multiplex,0.125
multiplex,0.908333333333333
multiplex,0.625
multiplex,1.81666666666667
multiplex,0.525
multiplex,2.16666666666667
multiplex,0
multiplex,0
multiplex,0.466666666666667
multiplex,0.466666666666667
multiplex,0
multiplex,0.525
multiplex,0.691666666666667
multiplex,0.125
multiplex,0
multiplex,0
multiplex,0.125
multiplex,6.34166666666667
multiplex,0.458333333333333
multiplex,0.458333333333333
multiplex,1.375
multiplex,0.5
multiplex,0.125
multiplex,2.85833333333333
multiplex,0
multiplex,2.81666666666667
multiplex,2.00833333333333
multiplex,0.25
multiplex,1.2
multiplex,1.925
multiplex,0.75
multiplex,4.275
multiplex,0.775
multiplex,1.33333333333333
multiplex,0.625
multiplex,0.65
multiplex,0.125
multiplex,2.58333333333333
multiplex,4.55833333333333
multiplex,1.54166666666667
multiplex,0.458333333333333
multiplex,0
multiplex,0.708333333333333
multiplex,4.20833333333333
multiplex,1.65
multiplex,4.83333333333333
multiplex,0.466666666666667
multiplex,1.16666666666667
multiplex,0.125
multiplex,0
multiplex,0.458333333333333
multiplex,5.98333333333333
multiplex,2.225
multiplex,0
multiplex,0.916666666666667
multiplex,23.0333333333333
multiplex,3.025
multiplex,0.125
multiplex,1.75833333333333
multiplex,0.233333333333333
multiplex,1.4
multiplex,2.09166666666667
multiplex,2.08333333333333
multiplex,0.125
multiplex,0.583333333333333
multiplex,0.5
multiplex,0
multiplex,0.5
multiplex,1.375
multiplex,0.458333333333333
multiplex,0.7
multiplex,1.775
multiplex,1.54166666666667
multiplex,0.375
multiplex,1.4
multiplex,0.25
multiplex,1.70833333333333
multiplex,0.841666666666667
multiplex,0
multiplex,0.875
multiplex,0.4
multiplex,0
multiplex,0
multiplex,0.233333333333333
multiplex,0.25
multiplex,0.233333333333333
multiplex,0.4
multiplex,0
multiplex,0
multiplex,0.525
multiplex,0.375
multiplex,5.2
multiplex,3.275
multiplex,0.375
multiplex,3.125
multiplex,0
multiplex,0
multiplex,0.583333333333333
multiplex,0.4
multiplex,0.466666666666667
multiplex,2.20833333333333
multiplex,2
multiplex,1.29166666666667
multiplex,0
multiplex,0.908333333333333
multiplex,0.125
multiplex,0.458333333333333
multiplex,0.125
multiplex,0
multiplex,0.25
multiplex,0.483333333333333
multiplex,0.525
multiplex,4.875
multiplex,3.96666666666667
multiplex,2.175
multiplex,0
multiplex,0.25
multiplex,0
multiplex,0.25
multiplex,2.275
multiplex,0.125
multiplex,1.85833333333333
multiplex,0.125
multiplex,0
multiplex,1.56666666666667
multiplex,0
multiplex,0.125
multiplex,0.75
multiplex,0.125
multiplex,1.10833333333333
multiplex,1.075
multiplex,3.81666666666667
multiplex,2.85833333333333
multiplex,1.3
multiplex,2.4
multiplex,1.625
multiplex,2.19166666666667
multiplex,1.61666666666667
multiplex,2.90833333333333
multiplex,1.375
multiplex,1.375
multiplex,0.125
multiplex,1.19166666666667
multiplex,6.05833333333333
multiplex,1.325
multiplex,0.5
multiplex,0
multiplex,6.85833333333333
multiplex,0.958333333333333
multiplex,0.5
multiplex,1.625
multiplex,0.233333333333333
multiplex,0.25
multiplex,0
multiplex,1.525
multiplex,0.375
multiplex,0.125
multiplex,3.53333333333333
multiplex,1.44166666666667
multiplex,0
multiplex,0.125
multiplex,0.583333333333333
multiplex,0
multiplex,0
multiplex,0.125
multiplex,0
multiplex,0
multiplex,0.458333333333333
