pop,Dtaj
paucaCA,-0.933020528695905
paucaCA,NA
paucaCA,-0.933020528695905
paucaCA,-1.47246981957304
paucaCA,-1.48925569255439
paucaCA,-1.52405278278397
paucaCA,-1.50051737270881
paucaCA,NA
paucaCA,-1.39030798108784
paucaCA,-1.4773937785402
paucaCA,-1.29503085280462
paucaCA,-1.36732419005365
paucaCA,-0.933020528695905
paucaCA,-1.36732419005365
paucaCA,-1.33698116636473
paucaCA,-1.51833306721429
paucaCA,-1.42283707476851
paucaCA,-1.48571130338902
paucaCA,-1.45325510045285
paucaCA,-1.50486429137474
paucaCA,-1.4347734852362
paucaCA,-1.50486429137474
paucaCA,-1.52321769787913
paucaCA,-1.23311176323927
paucaCA,-1.39030798108784
paucaCA,NA
paucaCA,-1.33698116636473
paucaCA,-1.42283707476851
paucaCA,NA
paucaCA,-1.23311176323927
paucaCA,NA
paucaCA,-1.13197224468829
paucaCA,-1.23311176323927
paucaCA,NA
paucaCA,NA
paucaCA,NA
paucaCA,NA
paucaCA,-1.13197224468829
paucaCA,NA
paucaCA,NA
paucaCA,-0.933020528695905
paucaCA,NA
paucaCA,NA
paucaCA,NA
paucaCA,-0.933020528695905
paucaCA,-0.933020528695905
paucaCA,-1.45325510045285
paucaCA,NA
paucaCA,-1.50051737270881
paucaCA,-1.51718536841714
paucaCA,NA
paucaCA,NA
paucaCA,NA
paucaCA,-1.23311176323927
paucaCA,-0.933020528695905
paucaCA,-0.933020528695905
paucaCA,-0.933020528695905
paucaCA,NA
paucaCA,NA
paucaCA,NA
paucaCA,-1.23311176323927
paucaCA,-0.933020528695905
paucaCA,NA
paucaCA,-1.39030798108784
paucaCA,-1.48571130338902
paucaCA,NA
paucaCA,-0.933020528695905
paucaCA,-1.4083272488195
paucaCA,-0.933020528695905
paucaCA,-1.29503085280462
paucaCA,-1.13197224468829
paucaCA,-1.36732419005365
paucaCA,-1.49246742690689
paucaCA,-1.45325510045285
paucaCA,-1.23311176323927
paucaCA,-1.33698116636473
paucaCA,NA
paucaCA,-1.46690227665812
paucaCA,-1.46690227665812
paucaCA,-1.29503085280462
paucaCA,NA
paucaCA,-1.29503085280462
paucaCA,NA
paucaCA,-1.53113212057711
paucaCA,-0.447361476896107
paucaCA,-0.933020528695905
paucaCA,-1.13197224468829
paucaCA,-1.13197224468829
paucaCA,NA
paucaCA,-0.933020528695905
paucaCA,NA
paucaCA,-1.29503085280462
paucaCA,-1.13197224468829
paucaCA,-0.933020528695905
paucaCA,-1.13197224468829
paucaCA,-0.933020528695905
paucaCA,NA
paucaCA,NA
paucaCA,NA
paucaCA,-0.933020528695905
paucaCA,NA
paucaCA,-0.933020528695905
paucaCA,NA
paucaCA,-1.13197224468829
paucaCA,NA
paucaCA,NA
paucaCA,-0.933020528695905
paucaCA,-0.933020528695905
paucaCA,-1.33698116636473
paucaCA,NA
paucaCA,NA
paucaCA,NA
paucaCA,NA
paucaCA,NA
paucaCA,-1.33698116636473
paucaCA,-1.23311176323927
paucaCA,-1.46690227665812
paucaCA,-1.46055600065981
paucaCA,-0.933020528695905
paucaCA,-1.33698116636473
paucaCA,-1.46055600065981
paucaCA,-1.51941757225239
paucaCA,-0.933020528695905
paucaCA,-1.29503085280462
paucaCA,-0.933020528695905
paucaCA,-1.42283707476851
paucaCA,NA
paucaCA,-1.13197224468829
paucaCA,-1.48925569255439
paucaCA,-1.44476631280255
paucaCA,NA
paucaCA,NA
paucaCA,-0.933020528695905
paucaCA,NA
paucaCA,NA
paucaCA,NA
paucaCA,NA
paucaCA,NA
paucaCA,-0.933020528695905
paucaCA,-1.23311176323927
paucaCA,NA
paucaCA,NA
paucaCA,NA
paucaCA,NA
paucaCA,-0.933020528695905
paucaCA,-1.13197224468829
paucaCA,-1.33698116636473
paucaCA,-1.47246981957304
paucaCA,-1.23311176323927
paucaCA,-1.4083272488195
paucaCA,-1.42283707476851
paucaCA,-1.53007514701081
paucaCA,-1.4347734852362
paucaCA,-0.933020528695905
paucaCA,NA
paucaCA,NA
paucaCA,NA
paucaCA,NA
paucaCA,NA
paucaCA,NA
paucaCA,-0.933020528695905
paucaCA,-1.13197224468829
paucaCA,NA
paucaCA,-1.23311176323927
paucaCA,-0.933020528695905
paucaCA,NA
paucaCA,NA
paucaCA,-1.33698116636473
paucaCA,NA
paucaCA,-1.13197224468829
paucaCA,-0.933020528695905
paucaCA,NA
paucaCA,NA
paucaCA,NA
paucaCA,NA
paucaCA,NA
paucaCA,NA
paucaCA,NA
paucaCA,NA
paucaCA,-0.933020528695905
paucaCA,-1.39030798108784
paucaCA,-1.46055600065981
paucaCA,-1.49806425260772
paucaCA,-1.51027262929752
paucaCA,-0.933020528695905
paucaCA,-1.22174818328769
paucaCA,-1.23311176323927
paucaCA,-0.771336984377384
paucaCA,-1.36732419005365
paucaCA,-0.933020528695905
paucaCA,-1.46690227665812
paucaCA,-0.838299238832951
paucaCA,-1.13197224468829
paucaCA,-1.13197224468829
paucaCA,NA
paucaCA,-1.13197224468829
paucaCA,NA
paucaCA,-0.933020528695905
paucaCA,NA
paucaCA,NA
paucaCA,NA
paucaCA,-0.933020528695905
paucaCA,-0.933020528695905
paucaCA,NA
paucaCA,NA
paucaCA,-1.13197224468829
paucaCA,NA
paucaCA,NA
paucaCA,-1.13197224468829
paucaCA,-1.29503085280462
paucaCA,NA
paucaCA,-1.48571130338902
paucaCA,-1.47246981957304
paucaCA,-1.47246981957304
paucaCA,-1.36732419005365
paucaCA,-1.52141679151852
paucaCA,-0.899828124486901
paucaCA,-1.48571130338902
paucaCA,-0.933020528695905
paucaCA,NA
paucaCA,-0.933020528695905
paucaCA,-1.29503085280462
paucaCA,-1.51027262929752
paucaCA,NA
paucaCA,-1.29503085280462
paucaCA,-1.46690227665812
paucaCA,-1.51330257220054
paucaCA,-1.36732419005365
paucaCA,-1.33698116636473
paucaCA,-1.23311176323927
paucaCA,-1.50679905466224
paucaCA,-1.23311176323927
paucaCA,NA
paucaCA,-0.933020528695905
paucaCA,-1.33698116636473
paucaCA,-1.4083272488195
paucaCA,-1.23311176323927
paucaCA,-1.23311176323927
paucaCA,-1.46690227665812
paucaCA,-0.933020528695905
paucaCA,NA
paucaCA,-1.48571130338902
paucaCA,-1.13197224468829
paucaCA,-1.4083272488195
paucaCA,-1.45325510045285
paucaCA,-1.46690227665812
paucaCA,-1.4347734852362
paucaCA,-1.4347734852362
paucaCA,NA
paucaCA,NA
paucaCA,NA
paucaCA,NA
paucaCA,NA
paucaCA,-1.29503085280462
paucaCA,-1.23311176323927
paucaCA,-1.4347734852362
paucaCA,-1.42283707476851
paucaCA,-1.13197224468829
paucaCA,-1.33698116636473
paucaCA,-1.4083272488195
paucaCA,-1.49806425260772
paucaCA,-1.50051737270881
paucaCA,NA
paucaCA,-0.933020528695905
paucaCA,NA
paucaCA,-0.933020528695905
paucaCA,-1.39030798108784
paucaCA,-1.49806425260772
paucaCA,-1.4773937785402
paucaCA,-1.4083272488195
paucaCA,NA
paucaCA,NA
paucaCA,-1.13197224468829
paucaCA,-1.39030798108784
paucaCA,-0.933020528695905
paucaCA,-1.13197224468829
paucaCA,-1.13197224468829
paucaCA,-1.23311176323927
paucaCA,-1.23311176323927
paucaCA,-1.23311176323927
paucaCA,-0.933020528695905
paucaCA,-1.47246981957304
paucaCA,-1.33698116636473
paucaCA,-1.48177971925922
paucaCA,-1.44476631280255
paucaCA,-1.4347734852362
paucaCA,NA
paucaCA,-1.42283707476851
paucaCA,NA
paucaCA,NA
paucaCA,-0.933020528695905
paucaCA,-1.23311176323927
paucaCA,NA
paucaCA,NA
paucaCA,-1.36732419005365
paucaCA,-1.4347734852362
paucaCA,-1.46690227665812
paucaCA,-1.36732419005365
paucaCA,-1.44476631280255
paucaCA,-1.42283707476851
paucaCA,-1.51596878561122
paucaCA,-1.50486429137474
paucaCA,-1.51941757225239
paucaCA,-1.4347734852362
paucaCA,NA
paucaCA,-0.933020528695905
paucaCA,-1.29503085280462
paucaCA,-1.52234014243854
paucaCA,-1.4083272488195
paucaCA,-0.933020528695905
paucaCA,-0.933020528695905
paucaCA,NA
paucaCA,NA
paucaCA,-0.933020528695905
paucaCA,NA
paucaCA,-1.45325510045285
paucaCA,-1.49539125826899
paucaCA,-1.29503085280462
paucaCA,-1.46690227665812
paucaCA,-1.4773937785402
paucaCA,-1.23311176323927
paucaCA,-0.933020528695905
paucaCA,-0.933020528695905
paucaCA,-0.933020528695905
paucaCA,NA
paucaCA,-1.42283707476851
paucaCA,-1.42283707476851
paucaCA,-1.46055600065981
paucaCA,-1.4347734852362
paucaCA,-1.50277668510032
paucaCA,NA
paucaCA,NA
paucaCA,NA
paucaCA,NA
paucaCA,NA
paucaCA,-0.933020528695905
paucaCA,-0.933020528695905
paucaCA,NA
paucaCA,NA
paucaCA,NA
paucaCA,NA
paucaCA,NA
paucaCA,-1.42283707476851
paucaCA,-0.933020528695905
paucaCA,-1.53211127380808
paucaCA,-1.50277668510032
paucaCA,-0.933020528695905
paucaCA,-1.13197224468829
paucaCA,-1.36732419005365
paucaCA,-0.933020528695905
paucaCA,-1.33698116636473
paucaCA,NA
paucaCA,-1.13197224468829
paucaCA,-0.933020528695905
paucaCA,-1.36732419005365
paucaCA,-0.933020528695905
paucaCA,NA
paucaCA,-0.933020528695905
paucaCA,NA
paucaCA,-1.42283707476851
paucaCA,-1.36732419005365
paucaCA,NA
paucaCA,-1.49806425260772
paucaCA,-1.45325510045285
paucaCA,-1.13197224468829
paucaCA,NA
paucaCA,-0.933020528695905
paucaCA,NA
paucaCA,-0.933020528695905
paucaCA,-1.13197224468829
paucaCA,-0.933020528695905
paucaCA,NA
paucaCA,-0.933020528695905
paucaCA,-0.933020528695905
paucaCA,NA
paucaCA,-0.933020528695905
paucaCA,NA
paucaCA,-0.933020528695905
paucaCA,-0.933020528695905
paucaCA,-0.933020528695905
paucaCA,NA
paucaCA,NA
paucaCA,-0.933020528695905
paucaCA,-0.933020528695905
paucaCA,NA
paucaCA,NA
paucaCA,-0.933020528695905
paucaCA,-0.933020528695905
paucaCA,NA
paucaCA,-0.933020528695905
paucaCA,-1.44476631280255
paucaCA,-1.33698116636473
paucaCA,-1.33698116636473
paucaCA,-1.33698116636473
paucaCA,-1.29503085280462
paucaCA,-1.39030798108784
paucaCA,-1.4083272488195
paucaCA,-1.29503085280462
paucaCA,NA
paucaCA,-1.50051737270881
paucaCA,-1.46690227665812
paucaCA,-1.47246981957304
paucaCA,-1.53007514701081
paucaCA,-1.13197224468829
paucaCA,-1.4347734852362
paucaCA,NA
paucaCA,NA
paucaCA,-0.933020528695905
paucaCA,0.21641881999306
paucaCA,-0.251271608542121
paucaCA,-1.06924907412747
paucaCA,0.630307154033618
paucaCA,1.18058626581259
paucaCA,-0.0500173782536688
paucaCA,-0.933020528695905
paucaCA,NA
paucaCA,-1.36732419005365
paucaCA,-0.933020528695905
paucaCA,-1.13197224468829
paucaCA,-0.933020528695905
paucaCA,-0.933020528695905
paucaCA,NA
paucaCA,-1.29503085280462
paucaCA,NA
paucaCA,-1.4083272488195
paucaCA,-1.44476631280255
paucaCA,-1.49806425260772
paucaCA,-1.46055600065981
paucaCA,-1.48177971925922
paucaCA,-1.13197224468829
paucaCA,-1.23311176323927
paucaCA,-1.4347734852362
paucaCA,-1.44476631280255
paucaCA,-1.47246981957304
paucaCA,-1.54102726570032
paucaCA,-1.53427034320473
paucaCA,-1.54197280526271
paucaCA,-1.50486429137474
paucaCA,-0.933020528695905
paucaCA,-1.39030798108784
paucaCA,NA
paucaCA,-0.933020528695905
paucaCA,NA
paucaCA,-1.4083272488195
paucaCA,-1.51330257220054
paucaCA,-1.44476631280255
paucaCA,-1.13197224468829
paucaCA,-1.13197224468829
paucaCA,-0.933020528695905
paucaCA,-1.55022084632569
paucaCA,-1.4773937785402
paucaCA,-1.54357541610265
paucaCA,-1.46055600065981
paucaCA,-1.49806425260772
paucaCA,-1.23311176323927
paucaCA,-1.48177971925922
paucaCA,-1.50277668510032
paucaCA,-1.52560730552452
paucaCA,NA
paucaCA,-0.933020528695905
paucaCA,-0.933020528695905
paucaCA,NA
paucaCA,-0.933020528695905
paucaCA,-0.933020528695905
paucaCA,-0.933020528695905
paucaCA,-0.933020528695905
paucaCA,-1.33698116636473
paucaCA,NA
paucaCA,-0.933020528695905
paucaCA,NA
paucaCA,-0.933020528695905
paucaCA,-0.933020528695905
paucaCA,NA
paucaCA,0.850567551741383
paucaCA,NA
paucaCA,-1.23311176323927
paucaCA,-0.933020528695905
paucaCA,NA
paucaCA,-1.42283707476851
paucaCA,NA
paucaCA,NA
paucaCA,NA
paucaCA,-0.933020528695905
paucaCA,-0.933020528695905
paucaCA,-1.4347734852362
paucaCA,-1.13197224468829
paucaCA,-1.23311176323927
paucaCA,-1.38979466835055
paucaCA,-0.933020528695905
paucaCA,-1.49246742690689
paucaCA,-1.13197224468829
paucaCA,NA
paucaCA,-1.51833306721429
paucaCA,-0.933020528695905
paucaCA,-1.13197224468829
paucaCA,NA
paucaCA,NA
paucaCA,-1.39030798108784
paucaCA,NA
paucaCA,-1.13197224468829
paucaCA,-1.4773937785402
paucaCA,-1.48571130338902
paucaCA,-1.52141679151852
paucaCA,NA
paucaCA,-1.50277668510032
paucaCA,-1.49246742690689
paucaCA,-1.48925569255439
paucaCA,NA
paucaCA,NA
paucaCA,-1.13197224468829
paucaCA,NA
paucaCA,-0.933020528695905
paucaCA,NA
paucaCA,NA
paucaCA,NA
paucaCA,-0.933020528695905
paucaCA,NA
paucaCA,NA
paucaCA,NA
paucaCA,NA
paucaCA,NA
paucaCA,-0.933020528695905
paucaCA,NA
paucaCA,NA
paucaCA,-0.933020528695905
paucaCA,-0.933020528695905
paucaCA,NA
paucaCA,-1.23311176323927
paucaCA,NA
paucaCA,NA
paucaCA,NA
paucaCA,-1.50679905466224
paucaCA,-1.13197224468829
paucaCA,NA
paucaCA,NA
paucaCA,NA
paucaCA,-1.13197224468829
paucaCA,-1.4083272488195
paucaCA,-0.933020528695905
paucaCA,-1.48177971925922
paucaCA,NA
paucaCA,NA
paucaCA,-0.933020528695905
paucaCA,-0.933020528695905
paucaCA,NA
paucaCA,NA
paucaCA,NA
paucaCA,-0.933020528695905
paucaCA,NA
paucaCA,-1.4083272488195
paucaCA,NA
paucaCA,-0.933020528695905
paucaCA,NA
paucaCA,-0.933020528695905
paucaCA,NA
paucaCA,NA
paucaCA,NA
paucaCA,NA
paucaCA,NA
paucaCA,-0.933020528695905
paucaCA,-1.29503085280462
paucaCA,NA
paucaCA,NA
paucaCA,-1.4773937785402
paucaCA,-1.29503085280462
paucaCA,NA
paucaCA,NA
paucaCA,-0.933020528695905
paucaCA,NA
paucaCA,-0.933020528695905
paucaCA,NA
paucaCA,NA
paucaCA,-0.933020528695905
paucaCA,-0.933020528695905
paucaCA,NA
paucaCA,-1.23311176323927
paucaCA,-0.933020528695905
paucaCA,-1.4347734852362
paucaCA,-1.45325510045285
paucaCA,-1.13197224468829
paucaCA,-1.13197224468829
paucaCA,NA
paucaCA,NA
paucaCA,NA
paucaCA,NA
paucaCA,-0.933020528695905
paucaCA,-1.46690227665812
paucaCA,NA
paucaCA,-1.46690227665812
paucaCA,-1.23311176323927
paucaCA,-0.933020528695905
paucaCA,NA
paucaCA,-1.48925569255439
paucaCA,-1.33698116636473
paucaCA,NA
paucaCA,-1.13197224468829
paucaCA,-1.13197224468829
paucaCA,-0.933020528695905
paucaCA,-1.13197224468829
paucaCA,NA
paucaCA,-1.29503085280462
paucaCA,-1.48925569255439
paucaCA,-1.4347734852362
paucaCA,-1.39030798108784
paucaCA,-1.48571130338902
paucaCA,NA
paucaCA,NA
paucaCA,-1.4083272488195
paucaCA,-1.13197224468829
paucaCA,-1.46055600065981
paucaCA,-0.933020528695905
paucaCA,-1.4083272488195
paucaCA,-1.39030798108784
paucaCA,-1.33698116636473
paucaCA,-1.33698116636473
paucaCA,-0.933020528695905
paucaCA,-1.4347734852362
paucaCA,-1.51941757225239
paucaCA,-1.52044396374939
paucaCA,-1.50486429137474
paucaCA,-1.29503085280462
paucaCA,-0.354168061132848
paucaCA,-1.40178693292816
paucaCA,-0.933020528695905
paucaCA,NA
paucaCA,-0.933020528695905
paucaCA,-0.933020528695905
paucaCA,NA
paucaCA,-0.933020528695905
paucaCA,NA
paucaCA,NA
paucaCA,-0.933020528695905
paucaCA,-1.13197224468829
paucaCA,-1.13197224468829
paucaCA,-1.33698116636473
paucaCA,NA
paucaCA,-1.23311176323927
paucaCA,NA
paucaCA,-0.933020528695905
paucaCA,-0.933020528695905
paucaCA,-0.933020528695905
paucaCA,-1.51183756647901
paucaCA,-0.933020528695905
paucaCA,-0.933020528695905
paucaCA,NA
paucaCA,NA
paucaCA,-0.933020528695905
paucaCA,-0.933020528695905
paucaCA,NA
paucaCA,NA
paucaCA,-1.13197224468829
paucaCA,NA
paucaCA,-1.13197224468829
paucaCA,NA
paucaCA,NA
paucaCA,NA
paucaCA,NA
paucaCA,NA
paucaCA,-1.39030798108784
paucaCA,-0.933020528695905
paucaCA,-0.933020528695905
paucaCA,NA
paucaCA,-1.4347734852362
paucaCA,-0.933020528695905
paucaCA,-1.13197224468829
paucaCA,-1.48571130338902
paucaCA,-1.29503085280462
paucaCA,-1.32792645954073
paucaCA,NA
paucaCA,-0.933020528695905
paucaCA,-1.45325510045285
paucaCA,-0.933020528695905
paucaCA,NA
paucaCA,-1.52702464362046
paucaCA,-1.29503085280462
paucaCA,-1.53163087747518
paucaCA,-1.51718536841714
paucaCA,-1.29503085280462
paucaCA,-1.13197224468829
paucaCA,-1.13197224468829
paucaCA,-0.933020528695905
paucaCA,-0.933020528695905
paucaCA,-1.39030798108784
paucaCA,-0.933020528695905
paucaCA,-0.933020528695905
paucaCA,NA
paucaCA,-0.933020528695905
paucaCA,NA
paucaCA,-0.933020528695905
paucaCA,NA
paucaCA,NA
paucaCA,NA
paucaCA,-0.933020528695905
paucaCA,-1.13197224468829
paucaCA,-1.4083272488195
paucaCA,-0.933020528695905
paucaCA,NA
paucaCA,NA
paucaCA,NA
paucaCA,-1.13197224468829
paucaCA,NA
paucaCA,NA
paucaCA,NA
paucaCA,-1.33698116636473
paucaCA,-1.47246981957304
paucaCA,-1.49806425260772
paucaCA,-1.29503085280462
paucaCA,-1.54040344500513
paucaCA,-1.47246981957304
paucaCA,NA
paucaCA,-1.48177971925922
paucaCA,-1.54040344500513
paucaCA,-1.54018502035957
paucaCA,-1.4083272488195
paucaCA,-1.50051737270881
paucaCA,-1.49246742690689
paucaCA,-1.23311176323927
paucaCA,-0.933020528695905
paucaCA,-1.4083272488195
paucaCA,NA
paucaCA,NA
paucaCA,NA
paucaCA,-1.52832219082322
paucaCA,-0.933020528695905
paucaCA,NA
paucaCA,NA
paucaCA,NA
paucaCA,-1.13197224468829
paucaCA,NA
paucaCA,-0.933020528695905
paucaCA,NA
paucaCA,-1.13197224468829
paucaCA,-1.13197224468829
paucaCA,NA
paucaCA,-1.13197224468829
paucaCA,-0.933020528695905
paucaCA,-1.45325510045285
paucaCA,-1.13197224468829
paucaCA,-1.51027262929752
paucaCA,-1.48177971925922
paucaCA,-1.50859717197774
paucaCA,-1.46690227665812
paucaCA,-1.4773937785402
paucaCA,-1.49246742690689
paucaCA,NA
paucaCA,NA
paucaCA,-0.933020528695905
paucaCA,NA
paucaCA,NA
paucaCA,NA
paucaCA,-0.933020528695905
paucaCA,NA
paucaCA,NA
paucaCA,NA
paucaCA,NA
paucaCA,NA
paucaCA,NA
paucaCA,NA
paucaCA,NA
paucaCA,NA
paucaCA,NA
paucaCA,NA
paucaCA,NA
paucaCA,NA
paucaCA,-0.933020528695905
paucaCA,-0.933020528695905
paucaCA,NA
paucaCA,-0.933020528695905
paucaCA,NA
paucaCA,-0.933020528695905
paucaCA,NA
paucaCA,-1.42283707476851
paucaCA,-1.48177971925922
paucaCA,-1.4773937785402
paucaCA,NA
paucaCA,NA
paucaCA,NA
paucaCA,NA
paucaCA,NA
paucaCA,-0.933020528695905
paucaCA,NA
paucaCA,-0.933020528695905
paucaCA,-1.4773937785402
paucaCA,-1.13197224468829
paucaCA,NA
paucaCA,-1.13197224468829
paucaCA,-1.13197224468829
paucaCA,-0.933020528695905
paucaCA,NA
paucaCA,-1.50051737270881
paucaCA,NA
paucaCA,-0.933020528695905
paucaCA,-0.933020528695905
paucaCA,NA
paucaCA,NA
paucaCA,-1.4347734852362
paucaCA,-1.50051737270881
paucaCA,NA
paucaCA,-0.933020528695905
paucaCA,NA
paucaCA,NA
paucaCA,-0.0500173782536688
paucaCA,NA
paucaCA,NA
paucaCA,-0.933020528695905
paucaCA,-1.33698116636473
paucaCA,-0.933020528695905
paucaCA,NA
paucaCA,NA
paucaCA,-1.13197224468829
paucaCA,-0.933020528695905
paucaCA,-1.23311176323927
paucaCA,NA
paucaCA,-0.933020528695905
paucaCA,NA
paucaCA,NA
paucaCA,-1.45325510045285
paucaCA,NA
paucaCA,NA
paucaCA,-0.933020528695905
paucaCA,-1.13197224468829
paucaCA,-1.47246981957304
paucaCA,-1.53211127380808
paucaCA,-1.36732419005365
paucaCA,-1.51941757225239
paucaCA,-1.46055600065981
paucaCA,-1.45325510045285
paucaCA,NA
paucaCA,-0.933020528695905
paucaCA,NA
paucaCA,-1.51596878561122
paucaCA,-0.933020528695905
paucaCA,-1.13197224468829
paucaCA,-0.933020528695905
paucaCA,-1.33698116636473
paucaCA,-1.13197224468829
paucaCA,-1.42283707476851
paucaCA,-1.39030798108784
paucaCA,-1.53113212057711
paucaCA,NA
paucaCA,NA
paucaCA,NA
paucaCA,NA
paucaCA,NA
paucaCA,-0.933020528695905
paucaCA,NA
paucaCA,-0.933020528695905
paucaCA,-1.36732419005365
paucaCA,-1.52560730552452
paucaCA,-1.23311176323927
paucaCA,-1.52044396374939
paucaCA,-1.13197224468829
paucaCA,-1.13197224468829
paucaCA,-1.13197224468829
paucaCA,-0.933020528695905
paucaCA,NA
paucaCA,-1.4083272488195
paucaCA,-1.23311176323927
paucaCA,-1.36732419005365
paucaCA,-1.29503085280462
paucaCA,-0.933020528695905
paucaCA,NA
paucaCA,-0.933020528695905
paucaCA,-0.933020528695905
paucaCA,NA
paucaCA,-1.23311176323927
paucaCA,NA
paucaCA,NA
paucaCA,NA
paucaCA,-0.933020528695905
paucaCA,NA
paucaCA,-1.33698116636473
paucaCA,-1.50486429137474
paucaCA,-1.36732419005365
paucaCA,NA
paucaCA,-0.933020528695905
paucaCA,-1.44476631280255
paucaCA,-0.933020528695905
paucaCA,-0.933020528695905
paucaCA,-1.29503085280462
paucaCA,-1.4083272488195
paucaCA,-0.933020528695905
paucaCA,-1.51183756647901
paucaCA,-1.54774107932357
paucaCA,-1.24578372292415
paucaCA,-1.50486429137474
paucaCA,-1.33698116636473
paucaCA,-0.933020528695905
paucaCA,NA
paucaCA,-1.23311176323927
paucaCA,-1.33698116636473
paucaCA,-1.39030798108784
paucaCA,-0.933020528695905
paucaCA,-1.36732419005365
paucaCA,-1.29503085280462
paucaCA,-0.933020528695905
paucaCA,-0.933020528695905
paucaCA,-1.13197224468829
paucaCA,-0.933020528695905
paucaCA,-1.39030798108784
paucaCA,NA
paucaCA,NA
paucaCA,NA
paucaCA,NA
paucaCA,NA
paucaCA,-1.13197224468829
paucaCA,NA
paucaCA,NA
paucaCA,-1.13197224468829
paucaCA,-1.13197224468829
paucaCA,NA
paucaCA,-1.48925569255439
paucaCA,NA
paucaCA,-1.36732419005365
paucaCA,-1.23311176323927
paucaCA,-1.44476631280255
paucaCA,-1.4083272488195
paucaCA,-1.33698116636473
paucaCA,-1.4347734852362
paucaCA,NA
paucaCA,-0.933020528695905
paucaCA,-1.13197224468829
paucaCA,-1.53163087747518
paucaCA,-0.933020528695905
paucaCA,-1.47246981957304
paucaCA,-1.50859717197774
paucaCA,-1.45325510045285
paucaCA,-1.23311176323927
paucaCA,NA
paucaCA,NA
paucaCA,NA
paucaCA,NA
paucaCA,-1.4773937785402
paucaCA,NA
paucaCA,-1.13197224468829
paucaCA,-0.933020528695905
paucaCA,-1.4347734852362
paucaCA,-1.49806425260772
paucaCA,NA
paucaCA,NA
paucaCA,-0.933020528695905
paucaCA,NA
paucaCA,NA
paucaCA,NA
paucaCA,-1.47246981957304
paucaCA,NA
paucaCA,NA
paucaCA,-0.933020528695905
paucaCA,-0.933020528695905
paucaCA,-0.933020528695905
paucaCA,NA
paucaCA,NA
paucaCA,NA
paucaCA,NA
paucaCA,NA
paucaCA,-1.13197224468829
paucaCA,NA
paucaCA,NA
paucaCA,NA
paucaCA,NA
paucaCA,NA
paucaCA,NA
paucaCA,NA
paucaCA,NA
paucaCA,NA
paucaCA,NA
paucaCA,NA
paucaCA,NA
paucaCA,NA
paucaCA,-0.933020528695905
paucaCA,NA
paucaCA,NA
paucaCA,NA
paucaCA,-0.933020528695905
paucaCA,-0.933020528695905
paucaCA,-0.933020528695905
paucaCA,NA
paucaCA,NA
paucaCA,NA
paucaCA,NA
paucaCA,NA
paucaCA,NA
paucaCA,-0.933020528695905
paucaCA,NA
paucaCA,-0.933020528695905
paucaCA,NA
paucaCA,-1.13197224468829
paucaCA,-1.13197224468829
paucaCA,NA
paucaCA,NA
paucaCA,-1.46055600065981
paucaCA,NA
paucaCA,NA
paucaCA,-1.23311176323927
paucaCA,-1.13197224468829
paucaCA,NA
paucaCA,-0.933020528695905
paucaCA,NA
paucaCA,NA
paucaCA,NA
paucaCA,NA
paucaCA,-1.36732419005365
paucaCA,-1.52405278278397
paucaCA,-1.12062206818977
paucaCA,0.520797369964409
paucaCA,0.536077243961439
paucaCA,-0.456703731978928
paucaCA,-0.0661935367431316
paucaCA,-0.440396787418775
paucaCA,-1.1895817196585
paucaCA,-0.648658700633311
paucaCA,-1.13197224468829
paucaCA,NA
paucaCA,-0.933020528695905
paucaCA,-1.49246742690689
paucaCA,-1.46055600065981
paucaCA,-1.29503085280462
paucaCA,NA
paucaCA,-1.51718536841714
paucaCA,NA
paucaCA,NA
paucaCA,NA
paucaCA,NA
paucaCA,-1.29503085280462
paucaCA,NA
paucaCA,NA
paucaCA,-1.13197224468829
paucaCA,-1.54312993482526
paucaCA,-1.36732419005365
paucaCA,-1.48571130338902
paucaCA,-0.933020528695905
paucaCA,NA
paucaCA,-0.933020528695905
paucaCA,-1.13197224468829
paucaCA,-0.933020528695905
paucaCA,-0.933020528695905
paucaCA,NA
paucaCA,NA
paucaCA,-0.933020528695905
paucaCA,-1.39030798108784
paucaCA,-0.933020528695905
paucaCA,NA
paucaCA,-1.53163087747518
paucaCA,-1.44476631280255
paucaCA,-0.933020528695905
paucaCA,-1.52893069091515
paucaCA,-1.52234014243854
paucaCA,NA
paucaCA,-1.49539125826899
paucaCA,-1.52141679151852
paucaCA,-1.46055600065981
paucaCA,-0.933020528695905
paucaCA,-1.42283707476851
paucaCA,-0.933020528695905
paucaCA,NA
paucaCA,NA
paucaCA,-1.46690227665812
paucaCA,-1.49246742690689
paucaCA,-1.48925569255439
paucaCA,-0.933020528695905
paucaCA,-0.933020528695905
paucaCA,NA
paucaCA,-1.13197224468829
paucaCA,NA
paucaCA,NA
paucaCA,NA
paucaCA,NA
paucaCA,-1.29503085280462
paucaCA,-0.933020528695905
paucaCA,NA
paucaCA,-1.23311176323927
paucaCA,NA
paucaCA,-1.52141679151852
paucaCA,-1.23311176323927
paucaCA,-1.13197224468829
paucaCA,-0.933020528695905
paucaCA,NA
paucaCA,NA
paucaCA,-1.23311176323927
paucaCA,-0.933020528695905
paucaCA,-1.13197224468829
paucaCA,-1.26660432459617
paucaCA,-1.53705786525241
paucaCA,-1.51183756647901
paucaCA,NA
paucaCA,-0.933020528695905
paucaCA,-0.933020528695905
paucaCA,-0.933020528695905
paucaCA,NA
paucaCA,NA
paucaCA,-1.29503085280462
paucaCA,NA
paucaCA,NA
paucaCA,NA
paucaCA,NA
paucaCA,-1.13197224468829
paucaCA,NA
paucaCA,NA
paucaCA,NA
paucaCA,-1.42283707476851
paucaCA,NA
paucaCA,-1.36732419005365
paucaCA,NA
paucaCA,-1.13197224468829
paucaCA,-1.36732419005365
paucaCA,NA
paucaCA,NA
paucaCA,-1.36732419005365
paucaCA,NA
paucaCA,-1.13197224468829
paucaCA,NA
paucaCA,-0.933020528695905
paucaCA,-1.13197224468829
paucaCA,NA
paucaCA,-0.933020528695905
paucaCA,NA
paucaCA,NA
paucaCA,NA
paucaCA,-0.933020528695905
paucaCA,-0.933020528695905
paucaCA,NA
paucaCA,-1.13197224468829
paucaCA,NA
paucaCA,-0.933020528695905
paucaCA,NA
paucaCA,-0.933020528695905
paucaCA,-0.933020528695905
paucaCA,-0.933020528695905
paucaCA,NA
paucaCA,-1.52893069091515
paucaCA,-1.4083272488195
paucaCA,-1.13197224468829
paucaCA,NA
paucaCA,-1.33698116636473
paucaCA,-1.39030798108784
paucaCA,-1.29503085280462
paucaCA,-0.933020528695905
paucaCA,NA
paucaCA,NA
paucaCA,NA
paucaCA,-1.13197224468829
paucaCA,NA
paucaCA,-1.13197224468829
paucaCA,-1.13197224468829
paucaCA,-0.933020528695905
paucaCA,NA
paucaCA,NA
paucaCA,NA
paucaCA,-0.933020528695905
paucaCA,-1.13197224468829
paucaCA,NA
paucaCA,-0.933020528695905
paucaCA,NA
paucaCA,NA
paucaCA,NA
paucaCA,-1.36732419005365
paucaCA,-0.933020528695905
paucaCA,NA
paucaCA,NA
paucaCA,NA
paucaCA,NA
paucaCA,-1.13197224468829
paucaCA,-0.933020528695905
paucaCA,NA
paucaCA,NA
paucaCA,-1.53848694344497
paucaCA,-0.933020528695905
paucaCA,-1.23311176323927
paucaCA,NA
paucaCA,-0.933020528695905
paucaCA,-1.13197224468829
paucaCA,NA
paucaCA,-1.23311176323927
paucaCA,-1.13197224468829
paucaCA,NA
paucaCA,-1.54399452048141
paucaCA,NA
paucaCA,NA
paucaCA,NA
paucaCA,-1.13197224468829
paucaCA,NA
paucaCA,NA
paucaCA,-0.933020528695905
paucaCA,NA
paucaCA,-0.933020528695905
paucaCA,-1.5295145193871
paucaCA,-0.933020528695905
paucaCA,-1.29503085280462
paucaCA,-1.29503085280462
paucaCA,-0.933020528695905
paucaCA,NA
paucaCA,-1.13197224468829
paucaCA,-1.23311176323927
paucaCA,-1.39030798108784
paucaCA,-1.49246742690689
paucaCA,-1.47246981957304
paucaCA,-1.13197224468829
paucaCA,NA
paucaCA,-0.933020528695905
paucaCA,-0.933020528695905
paucaCA,-0.933020528695905
paucaCA,-1.50859717197774
paucaCA,-1.33698116636473
paucaCA,-1.44476631280255
paucaCA,-1.23311176323927
paucaCA,-0.933020528695905
paucaCA,-1.52321769787913
paucaCA,NA
paucaCA,-0.933020528695905
paucaCA,-1.13197224468829
paucaCA,NA
paucaCA,-0.933020528695905
paucaCA,NA
paucaCA,NA
paucaCA,-1.46055600065981
paucaCA,-1.49806425260772
paucaCA,-0.933020528695905
paucaCA,-0.933020528695905
paucaCA,-1.50486429137474
paucaCA,-1.4347734852362
paucaCA,NA
paucaCA,-1.23311176323927
paucaCA,-1.23311176323927
paucaCA,-1.33698116636473
paucaCA,-0.933020528695905
paucaCA,-1.4347734852362
paucaCA,-1.45325510045285
paucaCA,-0.933020528695905
paucaCA,-1.42283707476851
paucaCA,-1.33698116636473
paucaCA,-1.42283707476851
paucaCA,-1.51467692409606
paucaCA,-0.933020528695905
paucaCA,NA
paucaCA,NA
paucaCA,-1.23311176323927
paucaCA,-1.4083272488195
paucaCA,NA
paucaCA,-0.933020528695905
paucaCA,NA
paucaCA,-0.933020528695905
paucaCA,-0.933020528695905
paucaCA,-0.933020528695905
paucaCA,-1.45325510045285
paucaCA,NA
paucaCA,-0.933020528695905
paucaCA,-1.49539125826899
paucaCA,NA
paucaCA,NA
paucaCA,-1.29503085280462
paucaCA,-1.23311176323927
paucaCA,-1.44476631280255
paucaCA,-1.42283707476851
paucaCA,-1.33698116636473
paucaCA,NA
paucaCA,-0.933020528695905
paucaCA,-1.13197224468829
paucaCA,-1.23311176323927
paucaCA,NA
paucaCA,-0.933020528695905
paucaCA,NA
paucaCA,NA
paucaCA,-1.23311176323927
paucaCA,-0.933020528695905
paucaCA,-0.933020528695905
paucaCA,NA
paucaCA,NA
paucaCA,-0.933020528695905
paucaCA,NA
paucaCA,-0.933020528695905
paucaCA,NA
paucaCA,-1.13197224468829
paucaCA,NA
paucaCA,NA
paucaCA,-0.933020528695905
paucaCA,NA
paucaCA,NA
paucaCA,-1.51183756647901
paucaCA,-1.52141679151852
paucaCA,-1.36732419005365
paucaCA,NA
paucaCA,NA
paucaCA,-0.933020528695905
paucaCA,-1.29503085280462
paucaCA,NA
paucaCA,-1.23311176323927
paucaCA,-0.933020528695905
paucaCA,-0.933020528695905
paucaCA,-0.933020528695905
paucaCA,-1.29503085280462
paucaCA,-1.13197224468829
paucaCA,-1.51027262929752
paucaCA,NA
paucaCA,NA
paucaCA,-0.933020528695905
paucaCA,NA
paucaCA,-1.33698116636473
paucaCA,NA
paucaCA,-0.933020528695905
paucaCA,-1.44476631280255
paucaCA,NA
paucaCA,-0.933020528695905
paucaCA,-0.933020528695905
paucaCA,NA
paucaCA,NA
paucaCA,-0.933020528695905
paucaCA,NA
paucaCA,-0.933020528695905
paucaCA,NA
paucaCA,NA
paucaCA,-1.53609378997735
paucaCA,NA
paucaCA,NA
paucaCA,-1.33698116636473
paucaCA,-0.933020528695905
paucaCA,NA
paucaCA,-1.36732419005365
paucaCA,-1.13197224468829
paucaCA,-0.933020528695905
paucaCA,-0.933020528695905
paucaCA,-0.933020528695905
paucaCA,-0.933020528695905
paucaCA,-0.933020528695905
paucaCA,NA
paucaCA,NA
paucaCA,NA
paucaCA,-0.933020528695905
paucaCA,-1.13197224468829
paucaCA,-1.50679905466224
paucaCA,-1.48177971925922
paucaCA,-1.13197224468829
paucaCA,-1.48925569255439
paucaCA,NA
paucaCA,NA
paucaCA,NA
paucaCA,NA
paucaCA,-0.933020528695905
paucaCA,-1.23311176323927
paucaSA,-0.12687720816627
paucaSA,1.30045226724645
paucaSA,2.18382280008917
paucaSA,2.00867203476892
paucaSA,1.64832279626569
paucaSA,-1.35981980145813
paucaSA,-0.491383802750177
paucaSA,1.25078313470188
paucaSA,NA
paucaSA,-0.46215935131172
paucaSA,-0.274290186420241
paucaSA,-0.62636218294444
paucaSA,2.27022732449653
paucaSA,2.10842510651971
paucaSA,NA
paucaSA,-2.05866743467822
paucaSA,2.28602739293608
paucaSA,1.87354207488619
paucaSA,-1.54957355329177
paucaSA,0.0966442205973636
paucaSA,-1.46800578074807
paucaSA,0.950509499764964
paucaSA,NA
paucaSA,NA
paucaSA,1.15888391016858
paucaSA,0.425595348542734
paucaSA,0.519809530937987
paucaSA,1.67416113469387
paucaSA,NA
paucaSA,-0.752933632765216
paucaSA,-1.46800578074807
paucaSA,NA
paucaSA,-0.460609880140808
paucaSA,-1.65231206077165
paucaSA,-1.46800578074807
paucaSA,-1.14914710512396
paucaSA,-1.46800578074807
paucaSA,-1.88452480890844
paucaSA,NA
paucaSA,-0.909202208838987
paucaSA,-1.14914710512396
paucaSA,NA
paucaSA,NA
paucaSA,-1.46800578074807
paucaSA,NA
paucaSA,-1.04303735135174
paucaSA,0.185798273574296
paucaSA,0.431926363742814
paucaSA,1.46815219523798
paucaSA,1.54106240095481
paucaSA,NA
paucaSA,-1.14914710512396
paucaSA,-1.46800578074807
paucaSA,0.614256157835501
paucaSA,0.63563274993264
paucaSA,-0.964187082651281
paucaSA,0.431926363742814
paucaSA,-2.18275830889678
paucaSA,NA
paucaSA,NA
paucaSA,-0.12687720816627
paucaSA,0.950509499764964
paucaSA,NA
paucaSA,0.122655637042556
paucaSA,NA
paucaSA,-1.46800578074807
paucaSA,-0.39439074523412
paucaSA,1.46815219523798
paucaSA,NA
paucaSA,-0.12687720816627
paucaSA,0.950509499764964
paucaSA,-1.7749668419477
paucaSA,1.46007871692906
paucaSA,-1.14914710512396
paucaSA,-1.14914710512396
paucaSA,0.431926363742814
paucaSA,-1.14914710512396
paucaSA,NA
paucaSA,-0.921570063754276
paucaSA,-1.14914710512396
paucaSA,NA
paucaSA,-1.14914710512396
paucaSA,-1.14914710512396
paucaSA,-1.50447998651621
paucaSA,1.61828335962594
paucaSA,0.58980745600019
paucaSA,0.923227230428305
paucaSA,-1.27433211820114
paucaSA,-0.153330186388072
paucaSA,-0.714252395854379
paucaSA,1.55278980305265
paucaSA,0.425595348542734
paucaSA,-0.46215935131172
paucaSA,-0.909202208838987
paucaSA,-1.92973914693524
paucaSA,0.959548411093809
paucaSA,0.662148573032556
paucaSA,NA
paucaSA,NA
paucaSA,0.292864448712026
paucaSA,0.333369819654597
paucaSA,-1.23300495559248
paucaSA,-1.46800578074807
paucaSA,0.425595348542734
paucaSA,-1.8631138324346
paucaSA,-1.65231206077165
paucaSA,-1.7749668419477
paucaSA,-0.829057122768544
paucaSA,-0.153407323354861
paucaSA,-1.14914710512396
paucaSA,2.59829028560456
paucaSA,0.673483658766762
paucaSA,-0.46215935131172
paucaSA,1.11511483341092
paucaSA,1.6612942219428
paucaSA,-1.14914710512396
paucaSA,NA
paucaSA,1.86986762273344
paucaSA,1.575318539059
paucaSA,1.60104747866833
paucaSA,-1.79475488927246
paucaSA,1.17960765025037
paucaSA,-1.20028494382623
paucaSA,0.927632355707032
paucaSA,-1.46800578074807
paucaSA,-1.14914710512396
paucaSA,-1.14914710512396
paucaSA,1.11043360466425
paucaSA,NA
paucaSA,-2.15033862613955
paucaSA,-1.46800578074807
paucaSA,NA
paucaSA,-1.14914710512396
paucaSA,NA
paucaSA,-1.8631138324346
paucaSA,-2.02402755776793
paucaSA,-0.166784026781922
paucaSA,-0.350398636929903
paucaSA,-0.244011475236354
paucaSA,-0.639728254902754
paucaSA,-0.526807691551965
paucaSA,NA
paucaSA,-0.509279335713844
paucaSA,0.543687078124631
paucaSA,2.29052591677084
paucaSA,1.6612942219428
paucaSA,-1.52196690338491
paucaSA,-0.912304947263558
paucaSA,1.70214478066177
paucaSA,-0.761492142827176
paucaSA,0.116852596410612
paucaSA,0.878969221270081
paucaSA,-1.98195734999876
paucaSA,0.950509499764964
paucaSA,NA
paucaSA,0.950509499764964
paucaSA,-1.14914710512396
paucaSA,-1.8631138324346
paucaSA,-1.46462586600666
paucaSA,-2.16837991364646
paucaSA,1.30045226724645
paucaSA,0.00918309592957556
paucaSA,0.489941624132608
paucaSA,1.11026414709124
paucaSA,-0.460609880140808
paucaSA,-0.909202208838987
paucaSA,0.878969221270081
paucaSA,-1.7749668419477
paucaSA,-1.14914710512396
paucaSA,-1.14914710512396
paucaSA,0.950509499764964
paucaSA,-1.14914710512396
paucaSA,-1.46800578074807
paucaSA,0.431926363742814
paucaSA,-0.274290186420241
paucaSA,2.30946951288047
paucaSA,-0.631786763806656
paucaSA,-0.804128689395644
paucaSA,-2.20707689766367
paucaSA,-1.82354642166797
paucaSA,-2.01291044709992
paucaSA,1.36669909651843
paucaSA,-0.12687720816627
paucaSA,-0.166784026781922
paucaSA,1.47542365098719
paucaSA,-2.13364131605632
paucaSA,-1.98195734999876
paucaSA,-2.11238524570105
paucaSA,-1.41063417967849
paucaSA,-0.0424323054817902
paucaSA,-0.657251446715396
paucaSA,-0.350398636929903
paucaSA,-0.789810482959342
paucaSA,-0.417200963355079
paucaSA,-0.020842016017791
paucaSA,0.171824750584915
paucaSA,-1.65231206077165
paucaSA,2.10842510651971
paucaSA,0.878969221270081
paucaSA,1.21425136441553
paucaSA,1.43777279317916
paucaSA,1.55859273805444
paucaSA,1.43777279317916
paucaSA,1.83249027364786
paucaSA,1.76482743676563
paucaSA,0.0592473574060236
paucaSA,-0.46215935131172
paucaSA,-0.558797203003071
paucaSA,0.567246121141547
paucaSA,0.579753929429001
paucaSA,0.425595348542734
paucaSA,1.86146268378589
paucaSA,1.27751884266288
paucaSA,1.18038540463974
paucaSA,0.797060401196765
paucaSA,0.268902922085682
paucaSA,0.0353813089874432
paucaSA,-1.57106808252283
paucaSA,-0.504205719399351
paucaSA,-0.761492142827176
paucaSA,-0.12687720816627
paucaSA,0.179391907599046
paucaSA,-1.67732236784964
paucaSA,-1.98195734999876
paucaSA,-2.13364131605632
paucaSA,0.0873685859696502
paucaSA,1.62848035877483
paucaSA,0.657372435941559
paucaSA,1.21425136441553
paucaSA,0.860227154276928
paucaSA,-1.49835306293131
paucaSA,-1.44339550715047
paucaSA,-1.36748496863082
paucaSA,1.32745594477558
paucaSA,1.71158738273528
paucaSA,1.01586497480782
paucaSA,1.6824739949453
paucaSA,NA
paucaSA,0.496497171965995
paucaSA,-1.46800578074807
paucaSA,-1.14914710512396
paucaSA,-0.897559271449134
paucaSA,NA
paucaSA,2.07623701471029
paucaSA,2.2789319545344
paucaSA,-0.897559271449134
paucaSA,-0.645975008341626
paucaSA,-1.8631138324346
paucaSA,-0.0948509308861913
paucaSA,0.714693533294738
paucaSA,NA
paucaSA,-1.46800578074807
paucaSA,0.950509499764964
paucaSA,-1.44618557457078
paucaSA,NA
paucaSA,-0.509580855700623
paucaSA,-0.423239167316181
paucaSA,-0.127078142496151
paucaSA,-0.509580855700623
paucaSA,1.74030382105719
paucaSA,1.44925816669195
paucaSA,-2.03120872173605
paucaSA,-1.7749668419477
paucaSA,0.657372435941559
paucaSA,2.05168883596322
paucaSA,-2.13150007598561
paucaSA,-0.293859582456259
paucaSA,0.210294777261072
paucaSA,1.46815219523798
paucaSA,0.431926363742814
paucaSA,NA
paucaSA,1.31411731872885
paucaSA,0.0966442205973636
paucaSA,2.22960248135337
paucaSA,1.06276231558977
paucaSA,-0.922165151813543
paucaSA,1.6612942219428
paucaSA,0.431926363742814
paucaSA,1.31411731872885
paucaSA,-0.153407323354861
paucaSA,-1.65231206077165
paucaSA,-1.65231206077165
paucaSA,0.20840493497918
paucaSA,-1.23300495559248
paucaSA,-1.46800578074807
paucaSA,0.454677496117454
paucaSA,-0.0589450610907772
paucaSA,-1.76640256500205
paucaSA,0.950509499764964
paucaSA,-1.14914710512396
paucaSA,NA
paucaSA,0.86160645997418
paucaSA,-0.174933211537032
paucaSA,-2.00753152057375
paucaSA,-2.06625040026478
paucaSA,-2.08769750183516
paucaSA,-1.47889385877636
paucaSA,-1.98195734999876
paucaSA,-2.07197462710463
paucaSA,NA
paucaSA,-2.13364131605632
paucaSA,-2.16837991364646
paucaSA,-1.65231206077165
paucaSA,-1.46800578074807
paucaSA,NA
paucaSA,0.950509499764964
paucaSA,0.108777780980894
paucaSA,1.58835472084748
paucaSA,0.01768078286202
paucaSA,-1.14914710512396
paucaSA,1.41623351124817
paucaSA,0.543687078124631
paucaSA,0.469838655495665
paucaSA,-0.546169986658636
paucaSA,-0.879259493727191
paucaSA,0.140443334434844
paucaSA,1.48141260742119
paucaSA,0.826659559338039
paucaSA,0.944573850077824
paucaSA,1.32902997864422
paucaSA,1.86986762273344
paucaSA,1.30045226724645
paucaSA,NA
paucaSA,-0.416474018501764
paucaSA,1.61153258549635
paucaSA,0.868557678745681
paucaSA,2.20364066352412
paucaSA,2.10842510651971
paucaSA,2.35935901229147
paucaSA,1.09968043623344
paucaSA,1.06276231558977
paucaSA,-0.294229553880827
paucaSA,1.27473561289707
paucaSA,-1.14914710512396
paucaSA,-1.65231206077165
paucaSA,-0.964187082651281
paucaSA,-0.274290186420241
paucaSA,-0.12687720816627
paucaSA,-0.153407323354861
paucaSA,-1.23519641317285
paucaSA,-1.65231206077165
paucaSA,-1.46800578074807
paucaSA,NA
paucaSA,-1.14914710512396
paucaSA,0.179391907599046
paucaSA,0.567780606615294
paucaSA,-0.153407323354861
paucaSA,0.657372435941559
paucaSA,1.53527029261244
paucaSA,0.830557835849748
paucaSA,-0.460609880140808
paucaSA,0.543687078124631
paucaSA,0.691760521772565
paucaSA,0.58980745600019
paucaSA,0.788136760458229
paucaSA,-1.8631138324346
paucaSA,-0.331234527409365
paucaSA,0.860067375765664
paucaSA,-0.39439074523412
paucaSA,1.43996633923518
paucaSA,-1.14914710512396
paucaSA,0.425595348542734
paucaSA,-0.897559271449134
paucaSA,1.78012632379117
paucaSA,-1.82764494407304
paucaSA,0.425595348542734
paucaSA,0.176012802136779
paucaSA,-1.19517451353802
paucaSA,-1.67732236784964
paucaSA,1.14595532178063
paucaSA,-0.530100686260306
paucaSA,0.444059086742413
paucaSA,1.30045226724645
paucaSA,-0.478252166269955
paucaSA,-0.274290186420241
paucaSA,0.108777780980894
paucaSA,1.54106240095481
paucaSA,1.8160570148507
paucaSA,0.950509499764964
paucaSA,-0.12687720816627
paucaSA,-0.12687720816627
paucaSA,-0.12687720816627
paucaSA,1.54106240095481
paucaSA,-0.290501608176464
paucaSA,-0.274290186420241
paucaSA,-0.644642834075717
paucaSA,2.23542835363789
paucaSA,1.03485427648127
paucaSA,0.948521665328846
paucaSA,0.542520263190153
paucaSA,-0.337246432566013
paucaSA,0.792254620119564
paucaSA,0.82025485495846
paucaSA,-0.688628640018502
paucaSA,0.224983777696593
paucaSA,0.0420777357875975
paucaSA,-1.14914710512396
paucaSA,-0.215755002341736
paucaSA,-0.423667243120335
paucaSA,0.963920749086998
paucaSA,1.47845230703807
paucaSA,1.45243768292637
paucaSA,1.4297173082921
paucaSA,1.46815219523798
paucaSA,1.90554115485077
paucaSA,0.950509499764964
paucaSA,0.360362044088402
paucaSA,0.425595348542734
paucaSA,0.0966442205973641
paucaSA,2.48313991116989
paucaSA,0.0048451268294607
paucaSA,0.556219100259342
paucaSA,NA
paucaSA,0.771197987542
paucaSA,NA
paucaSA,0.950509499764964
paucaSA,-1.46800578074807
paucaSA,NA
paucaSA,NA
paucaSA,-1.14914710512396
paucaSA,-1.14914710512396
paucaSA,-1.14914710512396
paucaSA,0.86160645997418
paucaSA,-0.274290186420241
paucaSA,0.360362044088402
paucaSA,NA
paucaSA,-1.65231206077165
paucaSA,NA
paucaSA,-1.7749668419477
paucaSA,-1.46800578074807
paucaSA,NA
paucaSA,-0.478252166269955
paucaSA,NA
paucaSA,0.389145284965042
paucaSA,-0.817524680494282
paucaSA,1.98234352573235
paucaSA,1.31591940465081
paucaSA,1.13706794992105
paucaSA,0.590829104200065
paucaSA,0.950509499764964
paucaSA,-1.8631138324346
paucaSA,-0.598683999214948
paucaSA,0.528084886160072
paucaSA,0.364385972780314
paucaSA,0.425595348542734
paucaSA,-0.909202208838987
paucaSA,-1.64072513283074
paucaSA,0.512875296621982
paucaSA,0.718568308272007
paucaSA,-0.748247973736686
paucaSA,0.917618178658071
paucaSA,0.475829904726814
paucaSA,0.881949498384239
paucaSA,0.68191944987064
paucaSA,-1.92973914693524
paucaSA,1.5961710933714
paucaSA,1.8067125526091
paucaSA,0.562905078932044
paucaSA,0.725043097024734
paucaSA,0.950509499764964
paucaSA,1.58965156830171
paucaSA,-0.514396915824494
paucaSA,NA
paucaSA,-1.24907108100995
paucaSA,-1.59395873700468
paucaSA,2.57700842693686
paucaSA,-1.65231206077165
paucaSA,-0.274290186420241
paucaSA,1.34645814487528
paucaSA,1.31969950525556
paucaSA,-1.32479293910462
paucaSA,NA
paucaSA,-1.14914710512396
paucaSA,-1.65231206077165
paucaSA,-1.65231206077165
paucaSA,-1.14914710512396
paucaSA,NA
paucaSA,NA
paucaSA,1.13424302384272
paucaSA,NA
paucaSA,0.878969221270081
paucaSA,NA
paucaSA,-2.15213736658646
paucaSA,-1.8631138324346
paucaSA,-0.690076681124153
paucaSA,-2.19557685838151
paucaSA,-1.65231206077165
paucaSA,1.12203155395385
paucaSA,0.657372435941559
paucaSA,-1.65231206077165
paucaSA,NA
paucaSA,NA
paucaSA,0.0802775415542176
paucaSA,0.431926363742814
paucaSA,1.36669909651843
paucaSA,1.46815219523798
paucaSA,-0.0791060388956508
paucaSA,1.06744823724437
paucaSA,1.26545725541387
paucaSA,0.863530570303415
paucaSA,-0.688628640018502
paucaSA,1.87873879411995
paucaSA,1.06141570401422
paucaSA,-0.46215935131172
paucaSA,1.36669909651843
paucaSA,-1.14914710512396
paucaSA,-1.14914710512396
paucaSA,NA
paucaSA,1.85550754438728
paucaSA,-0.103188840628225
paucaSA,0.543687078124631
paucaSA,-1.48447340494946
paucaSA,-0.46215935131172
paucaSA,0.0873685859696502
paucaSA,1.30045226724645
paucaSA,1.29370885427359
paucaSA,0.657372435941559
paucaSA,NA
paucaSA,-1.86102314401676
paucaSA,-1.8631138324346
paucaSA,-2.08769750183516
paucaSA,0.431926363742814
paucaSA,-1.46800578074807
paucaSA,0.425595348542734
paucaSA,NA
paucaSA,-1.14914710512396
paucaSA,NA
paucaSA,0.918701180465702
paucaSA,0.86160645997418
paucaSA,1.06276231558977
paucaSA,-0.649379327647014
paucaSA,1.87354207488619
paucaSA,1.05749036221344
paucaSA,-0.0589450610907772
paucaSA,0.135529650021041
paucaSA,-0.170985977316544
paucaSA,1.77787888470069
paucaSA,0.425595348542734
paucaSA,NA
paucaSA,-0.761492142827176
paucaSA,0.950509499764964
paucaSA,-1.56175397121021
paucaSA,-0.269825342381939
paucaSA,1.51741666296109
paucaSA,-0.423667243120335
paucaSA,-1.67732236784964
paucaSA,-2.03095371141345
paucaSA,0.0493045046361061
paucaSA,-0.236419158453766
paucaSA,-0.491383802750177
paucaSA,-1.01206977408725
paucaSA,-0.754373283839776
paucaSA,-1.00657423325805
paucaSA,0.0752071623348557
paucaSA,0.730481843934498
paucaSA,0.663241392998603
paucaSA,1.54106240095481
paucaSA,1.11511483341092
paucaSA,2.54469313493213
paucaSA,-0.501443339078836
paucaSA,-1.06095758577267
paucaSA,-0.839669054289743
paucaSA,-0.989230760720596
paucaSA,-1.92875905126629
paucaSA,-1.14914710512396
paucaSA,-0.829057122768545
paucaSA,-1.14914710512396
paucaSA,-1.18227858575672
paucaSA,-2.27087556384093
paucaSA,-0.167158059408245
paucaSA,1.98300291292007
paucaSA,2.08260814612791
paucaSA,-1.84038010918907
paucaSA,-0.501443339078836
paucaSA,1.5961710933714
paucaSA,-1.84817553336318
paucaSA,1.64765833988672
paucaSA,1.40058721529661
paucaSA,-0.46215935131172
paucaSA,NA
paucaSA,0.184417576351981
paucaSA,0.179391907599046
paucaSA,-1.24290838828804
paucaSA,0.302901654457395
paucaSA,-1.10220222410359
paucaSA,0.596161206048474
paucaSA,2.17555629347055
paucaSA,0.950509499764964
paucaSA,1.45901360587139
paucaSA,1.46815219523798
paucaSA,-1.69941287716915
paucaSA,1.43995504069713
paucaSA,-0.188444741849271
paucaSA,0.836769988631908
paucaSA,NA
paucaSA,0.925573746922012
paucaSA,-1.57943247965215
paucaSA,1.47542365098719
paucaSA,1.88481565070643
paucaSA,0.360362044088402
paucaSA,0.866928678254128
paucaSA,0.878969221270081
paucaSA,0.863530570303415
paucaSA,0.438950254958154
paucaSA,1.82474375373726
paucaSA,2.10842510651971
paucaSA,NA
paucaSA,-1.14914710512396
paucaSA,-1.09931704253402
paucaSA,-0.12687720816627
paucaSA,NA
paucaSA,1.09954222353351
paucaSA,0.762443102792258
paucaSA,-0.38685194102311
paucaSA,-0.329352944543164
paucaSA,0.207532758216503
paucaSA,0.0658725997131277
paucaSA,-0.0543247918330712
paucaSA,0.567780606615294
paucaSA,-1.65231206077165
paucaSA,-0.964187082651281
paucaSA,1.98178087201567
paucaSA,1.11400797832196
paucaSA,2.43550360552078
paucaSA,2.21348031901122
paucaSA,1.98234352573235
paucaSA,1.46674729728946
paucaSA,0.634045564938987
paucaSA,1.26545725541387
paucaSA,0.792254620119564
paucaSA,-0.423667243120335
paucaSA,0.33437080856206
paucaSA,1.63936303794595
paucaSA,0.879607708823568
paucaSA,NA
paucaSA,NA
paucaSA,1.6836093377485
paucaSA,2.7025401121064
paucaSA,2.80250737175005
paucaSA,-0.350398636929903
paucaSA,-0.0856107765298698
paucaSA,2.15508862422059
paucaSA,2.21304161688931
paucaSA,1.26545725541387
paucaSA,1.47310319024423
paucaSA,1.79205499561065
paucaSA,1.62789046687364
paucaSA,1.80545423562068
paucaSA,NA
paucaSA,-1.14914710512396
paucaSA,1.10261163975657
paucaSA,1.36669909651843
paucaSA,1.92268338392867
paucaSA,-0.478252166269955
paucaSA,-1.14914710512396
paucaSA,-1.46800578074807
paucaSA,-1.14914710512396
paucaSA,0.871428347577263
paucaSA,-1.16354843640898
paucaSA,NA
paucaSA,1.21425136441553
paucaSA,-1.35248739742619
paucaSA,1.36669909651843
paucaSA,-0.356102263178966
paucaSA,0.251982556293349
paucaSA,-1.76150971268977
paucaSA,-0.491383802750177
paucaSA,-0.509279335713844
paucaSA,-1.46800578074807
paucaSA,NA
paucaSA,1.99495256540673
paucaSA,1.75120673245349
paucaSA,1.30045226724645
paucaSA,0.651305469033685
paucaSA,-0.12687720816627
paucaSA,1.6107050353235
paucaSA,1.3806972959499
paucaSA,0.425595348542734
paucaSA,NA
paucaSA,-1.7749668419477
paucaSA,NA
paucaSA,NA
paucaSA,0.0780708510171502
paucaSA,0.67007247310233
paucaSA,1.04915023498307
paucaSA,0.228118606696284
paucaSA,-0.0717297793902893
paucaSA,-0.0589450610907772
paucaSA,0.950509499764964
paucaSA,-1.65231206077165
paucaSA,-0.964187082651281
paucaSA,-0.350398636929903
paucaSA,NA
paucaSA,-0.274290186420241
paucaSA,0.943768456284674
paucaSA,-0.12687720816627
paucaSA,0.950509499764964
paucaSA,-1.46800578074807
paucaSA,-1.14914710512396
paucaSA,0.431926363742814
paucaSA,-2.05866743467822
paucaSA,-1.7749668419477
paucaSA,0.522149405317418
paucaSA,2.07133507192185
paucaSA,2.04625715493471
paucaSA,-0.754435733499695
paucaSA,NA
paucaSA,0.354391469158313
paucaSA,1.30045226724645
paucaSA,-2.19557685838151
paucaSA,0.397754774368483
paucaSA,-0.645997310183745
paucaSA,0.890055298899211
paucaSA,-0.273335627457742
paucaSA,0.638092410192342
paucaSA,0.179270878604662
paucaSA,1.0304359659464
paucaSA,1.0307395564498
paucaSA,0.752056552485062
paucaSA,-1.14914710512396
paucaSA,NA
paucaSA,NA
paucaSA,0.868687004897903
paucaSA,-0.12687720816627
paucaSA,-1.14914710512396
paucaSA,NA
paucaSA,NA
paucaSA,-0.909202208838987
paucaSA,NA
paucaSA,NA
paucaSA,0.360362044088402
paucaSA,-0.24979995070724
paucaSA,0.746220593813835
paucaSA,NA
paucaSA,-0.274290186420241
paucaSA,-1.14914710512396
paucaSA,-0.274290186420241
paucaSA,-0.813697850413298
paucaSA,0.766745460848197
paucaSA,-0.217761986296385
paucaSA,0.46835454976181
paucaSA,0.24001522548291
paucaSA,NA
paucaSA,NA
paucaSA,0.762443102792258
paucaSA,-0.274290186420241
paucaSA,NA
paucaSA,NA
paucaSA,-0.274290186420241
paucaSA,NA
paucaSA,-1.07049141819444
paucaSA,0.860227154276928
paucaSA,-1.46800578074807
paucaSA,-0.104289445183405
paucaSA,1.92268338392867
paucaSA,-0.274290186420241
paucaSA,NA
paucaSA,0.0966442205973641
paucaSA,-0.460609880140808
paucaSA,0.0966442205973641
paucaSA,NA
paucaSA,NA
paucaSA,-0.558797203003071
paucaSA,-0.46215935131172
paucaSA,-1.14914710512396
paucaSA,-1.14914710512396
paucaSA,NA
paucaSA,-1.46800578074807
paucaSA,-1.65231206077165
paucaSA,NA
paucaSA,NA
paucaSA,-0.478252166269955
paucaSA,1.30045226724645
paucaSA,0.292864448712026
paucaSA,0.94739199133925
paucaSA,1.06276231558977
paucaSA,0.0966442205973636
paucaSA,1.30045226724645
paucaSA,1.02872905333911
paucaSA,1.62798844571648
paucaSA,-0.12687720816627
paucaSA,NA
paucaSA,-0.274290186420241
paucaSA,0.210698010517599
paucaSA,0.425595348542734
paucaSA,0.690018342607458
paucaSA,-0.909202208838987
paucaSA,0.762443102792258
paucaSA,0.425595348542734
paucaSA,0.0414596097247025
paucaSA,0.950509499764964
paucaSA,0.251982556293349
paucaSA,0.714693533294738
paucaSA,NA
paucaSA,-0.501443339078836
paucaSA,1.5961710933714
paucaSA,0.634045564938987
paucaSA,-1.61088215012857
paucaSA,1.6612942219428
paucaSA,NA
paucaSA,NA
paucaSA,-0.161025715739895
paucaSA,0.695807728231743
paucaSA,0.528084886160072
paucaSA,NA
paucaSA,-1.46800578074807
paucaSA,-0.12687720816627
paucaSA,NA
paucaSA,-1.14914710512396
paucaSA,1.20398666372151
paucaSA,2.12372300300369
paucaSA,NA
paucaSA,1.30045226724645
paucaSA,1.6612942219428
paucaSA,0.0966442205973641
paucaSA,NA
paucaSA,-1.46800578074807
paucaSA,NA
paucaSA,0.690921983960435
paucaSA,-1.98195734999876
paucaSA,0.51880963105548
paucaSA,0.20101618635646
paucaSA,-1.4238092558557
paucaSA,0.543687078124631
paucaSA,0.131926618957792
paucaSA,1.21342302495873
paucaSA,-0.103188840628225
paucaSA,2.12075558379656
paucaSA,1.91755145250017
paucaSA,1.97101455006759
paucaSA,0.881283519777109
paucaSA,0.782017725267196
paucaSA,-1.04338939816875
paucaSA,-0.212755601518525
paucaSA,-0.153407323354861
paucaSA,-1.31939252353984
paucaSA,2.17355319269757
paucaSA,0.364385972780313
paucaSA,1.24880909330818
paucaSA,0.425595348542734
paucaSA,1.45056051755426
paucaSA,1.04107130402391
paucaSA,1.08527601341091
paucaSA,-0.39439074523412
paucaSA,-1.46800578074807
paucaSA,-2.05866743467822
paucaSA,0.878969221270081
paucaSA,0.950509499764964
paucaSA,0.528084886160072
paucaSA,-0.649302033559585
paucaSA,NA
paucaSA,1.11511483341092
paucaSA,NA
paucaSA,NA
paucaSA,0.950509499764964
paucaSA,0.431926363742814
paucaSA,1.79141419948649
paucaSA,-1.46800578074807
paucaSA,-2.05866743467822
paucaSA,-0.46215935131172
paucaSA,-0.645975008341626
paucaSA,0.0221075801175687
paucaSA,0.830812717045382
paucaSA,-1.14914710512396
paucaSA,-0.46215935131172
paucaSA,-0.897559271449134
paucaSA,NA
paucaSA,-1.14914710512396
paucaSA,-1.14914710512396
paucaSA,NA
paucaSA,-1.14914710512396
paucaSA,-0.274290186420241
paucaSA,-1.46800578074807
paucaSA,NA
paucaSA,-1.14914710512396
paucaSA,-1.46800578074807
paucaSA,-0.46215935131172
paucaSA,-1.23300495559248
paucaSA,-0.964187082651281
paucaSA,0.950509499764964
paucaSA,0.251982556293349
paucaSA,-0.12687720816627
paucaSA,1.30390612862762
paucaSA,1.8954699902579
paucaSA,1.36597874365539
paucaSA,1.02749612931454
paucaSA,-0.829057122768544
paucaSA,0.108777780980894
paucaSA,0.950509499764964
paucaSA,NA
paucaSA,-1.14914710512396
paucaSA,1.21425136441553
paucaSA,-0.897559271449134
paucaSA,0.210169217813698
paucaSA,-0.264725977901551
paucaSA,0.0780708510171502
paucaSA,1.21425136441553
paucaSA,-0.552741045652637
paucaSA,-1.7617803180866
paucaSA,0.420867679935851
paucaSA,0.950509499764964
paucaSA,0.360362044088402
paucaSA,1.11511483341092
paucaSA,NA
paucaSA,0.878969221270081
paucaSA,0.360362044088402
paucaSA,0.273954753256408
paucaSA,0.950509499764964
paucaSA,1.11511483341092
paucaSA,0.950509499764964
paucaSA,NA
paucaSA,0.319547536234717
paucaSA,-1.14914710512396
paucaSA,NA
paucaSA,0.950509499764964
paucaSA,NA
paucaSA,NA
paucaSA,NA
paucaSA,-1.14914710512396
paucaSA,NA
paucaSA,0.251982556293349
paucaSA,2.32217564146357
paucaSA,0.878969221270081
paucaSA,-1.09931704253402
paucaSA,-1.92973914693524
paucaSA,-0.671652150748306
paucaSA,-0.904183425015211
paucaSA,-0.171276769701029
paucaSA,1.54106240095481
paucaSA,-1.14914710512396
paucaSA,NA
paucaSA,2.24291643593674
paucaSA,NA
paucaSA,0.860067375765664
paucaSA,0.360362044088401
paucaSA,NA
paucaSA,-1.46800578074807
paucaSA,0.950509499764964
paucaSA,NA
paucaSA,NA
paucaSA,0.611946307195908
paucaSA,2.12145188584095
paucaSA,1.39499368281726
paucaSA,-0.561888376374079
paucaSA,-1.71038218313866
paucaSA,0.425595348542734
paucaSA,-0.0688420756622929
paucaSA,-1.14914710512396
paucaSA,-1.14914710512396
paucaSA,-1.65231206077165
paucaSA,NA
paucaSA,-1.43714194224086
paucaSA,-1.14914710512396
paucaSA,NA
paucaSA,-1.14914710512396
paucaSA,0.950509499764964
paucaSA,-1.14914710512396
paucaSA,NA
paucaSA,-0.46215935131172
paucaSA,NA
paucaSA,-0.909202208838987
paucaSA,NA
paucaSA,NA
paucaSA,-0.274290186420241
paucaSA,-1.14914710512396
paucaSA,NA
paucaSA,NA
paucaSA,NA
paucaSA,0.950509499764964
paucaSA,NA
paucaSA,NA
paucaSA,NA
paucaSA,-1.14914710512396
paucaSA,NA
paucaSA,NA
paucaSA,-0.12687720816627
paucaSA,NA
paucaSA,0.950509499764964
paucaSA,NA
paucaSA,0.425595348542734
paucaSA,0.0966442205973641
paucaSA,0.950509499764964
paucaSA,-0.288537283237598
paucaSA,-1.14914710512396
paucaSA,1.78012632379117
paucaSA,NA
paucaSA,1.74308402005084
paucaSA,NA
paucaSA,1.43777279317916
paucaSA,-1.01206977408725
paucaSA,0.863530570303415
paucaSA,-2.054801060968
paucaSA,-1.14914710512396
paucaSA,NA
paucaSA,-1.14914710512396
paucaSA,-0.274290186420241
paucaSA,NA
paucaSA,0.950509499764964
paucaSA,NA
paucaSA,0.273954753256407
paucaSA,-1.10714567601318
paucaSA,1.21153021396789
paucaSA,0.173590499968333
paucaSA,1.17960765025037
paucaSA,1.5360991711349
paucaSA,-0.0948509308861913
paucaSA,1.71752803246823
paucaSA,0.473238130045088
paucaSA,-0.261314335852842
paucaSA,-0.649426303073262
paucaSA,0.736064849215389
paucaSA,1.06187620086954
paucaSA,1.58197512184525
paucaSA,0.895642071698448
paucaSA,0.866928678254128
paucaSA,-0.0198711001024787
paucaSA,1.15256652076265
paucaSA,1.35161040881412
paucaSA,0.814000765195501
paucaSA,-1.34208744021747
paucaSA,1.6612942219428
paucaSA,0.543687078124631
paucaSA,1.87354207488619
paucaSA,-1.63978189298168
paucaSA,1.76482743676563
paucaSA,0.543687078124631
paucaSA,1.45243768292637
paucaSA,-0.909326104597656
paucaSA,NA
paucaSA,1.05672738505715
paucaSA,0.177714475631522
paucaSA,2.2789319545344
paucaSA,1.34075718125994
paucaSA,-0.274290186420241
paucaSA,NA
paucaSA,-0.350398636929903
paucaSA,1.30045226724645
paucaSA,-1.45194369955971
paucaSA,-0.0208420160177903
paucaSA,0.783735440755175
paucaSA,0.00918309592957556
paucaSA,1.47542365098719
paucaSA,0.671190899931154
paucaSA,-0.874497579443699
paucaSA,-1.46800578074807
paucaSA,0.359272684868791
paucaSA,0.751610551103513
paucaSA,2.78261238817281
paucaSA,0.314503857626968
paucaSA,0.19263920201673
paucaSA,1.82825233021311
paucaSA,-1.5975873589691
paucaSA,-0.897559271449134
paucaSA,2.12145188584095
paucaSA,NA
paucaSA,2.27924808627618
paucaSA,NA
paucaSA,0.734032940959776
paucaSA,0.528084886160072
paucaSA,1.64514206893121
paucaSA,1.82474375373726
paucaSA,2.00867203476892
paucaSA,NA
paucaSA,NA
paucaSA,NA
paucaSA,NA
paucaSA,NA
paucaSA,-2.18275830889678
paucaSA,1.21425136441553
paucaSA,-1.14914710512396
paucaSA,0.77966914926758
paucaSA,1.38397299181662
paucaSA,-1.13406679842198
paucaSA,-1.46800578074807
paucaSA,-1.01381168005953
paucaSA,-1.19517451353802
paucaSA,-1.14914710512396
paucaSA,0.657372435941559
paucaSA,1.8067125526091
paucaSA,1.75120673245349
paucaSA,0.455317707266639
paucaSA,0.360362044088402
paucaSA,-1.22278283098326
paucaSA,-1.43216703914477
paucaSA,-2.34069707298065
paucaSA,-1.88991700104122
paucaSA,-1.98195734999876
paucaSA,-2.22686068636705
paucaSA,-1.23300495559248
paucaSA,-1.14914710512396
paucaSA,2.07623701471029
paucaSA,0.878969221270081
paucaSA,1.61828335962594
paucaSA,-1.14914710512396
paucaSA,0.425595348542734
paucaSA,NA
paucaSA,1.47542365098719
paucaSA,1.31460278069667
paucaSA,NA
paucaSA,2.50555658681249
paucaSA,1.30234524001251
paucaSA,0.2566050292486
paucaSA,1.37500538592355
paucaSA,1.80806174225438
paucaSA,1.91147615547703
paucaSA,-1.431753981907
paucaSA,1.47542365098719
paucaSA,-0.142806482126613
paucaSA,-0.731739597017845
paucaSA,-2.16837991364646
paucaSA,-1.83141356336888
paucaSA,0.521574944053277
paucaSA,NA
paucaSA,NA
paucaSA,1.11511483341092
paucaSA,1.10646133777325
paucaSA,NA
paucaSA,-1.14914710512396
paucaSA,2.10842510651971
paucaSA,0.543687078124631
paucaSA,-0.12687720816627
paucaSA,1.06276231558977
paucaSA,NA
paucaSA,0.528084886160072
paucaSA,-1.14914710512396
paucaSA,-1.41063417967849
paucaSA,0.0966442205973636
paucaSA,2.03759046480511
paucaSA,1.90529792797273
paucaSA,1.55613546008002
paucaSA,1.42148783875796
paucaSA,1.57154722652332
paucaSA,-2.05866743467822
paucaSA,-1.69672025247612
paucaSA,0.210294777261072
paucaSA,0.255598550421097
paucaSA,-0.824666046163702
paucaSA,1.73841211500345
paucaSA,0.749613961578419
paucaSA,-0.909202208838987
paucaSA,1.54106240095481
paucaSA,-1.46800578074807
paucaSA,-1.46800578074807
paucaSA,-2.08769750183516
paucaSA,-1.96618710694635
paucaSA,2.41457222890262
paucaSA,-1.98195734999876
paucaSA,1.86986762273344
paucaSA,NA
paucaSA,1.25198617567186
paucaSA,1.10646133777325
paucaSA,-0.488487343734383
paucaSA,0.425595348542734
paucaSA,1.40028719113214
paucaSA,0.0966442205973636
paucaSA,-2.02402755776793
paucaSA,0.425595348542734
paucaSA,0.878969221270081
paucaSA,-0.274290186420241
paucaSA,0.657372435941559
paucaSA,-0.897559271449134
paucaSA,NA
paucaSA,1.54953350756098
paucaSA,-0.661769601175667
paucaSA,-0.709985762067831
paucaSA,-1.28478991845012
paucaSA,0.360362044088401
paucaSA,-1.14914710512396
paucaSA,1.21425136441553
paucaSA,1.69411304449103
paucaSA,0.0966442205973636
paucaSA,1.01625492364953
paucaSA,1.46691920994859
paucaSA,1.36669909651843
paucaSA,NA
paucaSA,2.30628143021312
paucaSA,NA
paucaSA,NA
paucaSA,1.13032729553114
paucaSA,NA
paucaSA,NA
paucaSA,-1.14914710512396
paucaSA,1.70214478066177
paucaSA,1.80806174225438
paucaSA,2.46025646453383
paucaSA,0.479954369419745
paucaSA,0.830812717045382
paucaSA,1.32646233999382
paucaSA,NA
paucaSA,-0.645975008341626
paucaSA,NA
paucaSA,NA
paucaSA,0.108777780980894
paucaSA,0.657372435941559
paucaSA,1.03125341237509
paucaSA,-0.12687720816627
paucaSA,NA
paucaSA,1.47542365098719
paucaSA,NA
paucaSA,-0.0589450610907772
paucaSA,-0.62636218294444
paucaSA,1.14859393769526
paucaSA,NA
paucaSA,1.12285919965586
paucaSA,0.749613961578419
paucaSA,0.950509499764964
paucaSA,1.62071798466621
paucaSA,1.88148002429375
paucaSA,2.41457222890262
paucaSA,1.5961710933714
paucaSA,1.40058721529661
paucaSA,1.74724561742303
paucaSA,1.575318539059
paucaSA,1.0304359659464
paucaSA,0.420867679935851
paucaSA,-1.22036326838202
paucaSA,-1.92973914693524
paucaSA,-2.19557685838151
paucaSA,-2.20040491784471
paucaSA,-1.65472961043194
paucaSA,1.51003016694793
paucaSA,-1.31752261207512
paucaSA,0.216701456967675
paucaSA,-0.12687720816627
paucaSA,-1.14914710512396
paucaSA,0.0273772990497793
paucaSA,0.420328721920625
paucaSA,-1.24414548909784
paucaSA,1.54106240095481
paucaSA,1.88110156431619
paucaSA,2.44407070722575
paucaSA,-1.47534314805287
paucaSA,-1.9461159328764
paucaSA,-2.15213736658646
paucaSA,0.570199034444209
paucaSA,-1.46462586600666
paucaSA,-2.05866743467822
paucaSA,-0.46215935131172
paucaSA,1.21153021396789
paucaSA,0.878969221270081
paucaSA,-0.46215935131172
paucaSA,-0.897559271449134
paucaSA,-0.0419642850283755
paucaSA,-0.151218104303466
paucaSA,-1.43714194224086
paucaSA,-2.05866743467822
paucaSA,-2.12366519719869
paucaSA,NA
paucaSA,-0.12687720816627
paucaSA,-1.23300495559248
paucaSA,1.21425136441553
paucaSA,1.63936303794595
paucaSA,1.21425136441553
paucaSA,NA
paucaSA,1.28487098010161
paucaSA,0.850241917843755
paucaSA,1.52741835623734
paucaSA,1.21425136441553
paucaSA,0.950509499764964
paucaSA,-0.645975008341626
paucaSA,1.29831859595558
paucaSA,-1.38511579999329
paucaSA,1.7228122910089
paucaSA,0.950509499764964
paucaSA,1.14390850705938
paucaSA,0.750466767273396
paucaSA,0.543687078124631
paucaSA,1.54106240095481
paucaSA,1.54106240095481
paucaSA,0.950509499764964
paucaSA,-0.645975008341626
paucaSA,1.28487098010161
paucaSA,-0.849154134907267
paucaSA,NA
paucaSA,NA
paucaSA,1.36669909651843
paucaSA,-0.60587918360428
paucaSA,1.98140903414462
paucaSA,2.29290243550615
paucaSA,-1.46800578074807
paucaSA,1.6612942219428
paucaSA,1.72682531181754
paucaSA,0.646278876129123
paucaSA,-0.274290186420241
paucaSA,-0.274290186420241
paucaSA,NA
paucaSA,NA
paucaSA,-0.513694162262445
paucaSA,-1.14914710512396
paucaSA,-1.7749668419477
paucaSA,-1.92973914693524
paucaSA,-1.9770224635413
paucaSA,-1.46800578074807
paucaSA,-1.46800578074807
paucaSA,1.12285919965586
paucaSA,0.360362044088402
paucaSA,1.45484933991363
paucaSA,0.726265809158033
paucaSA,1.1852986971585
paucaSA,-0.756757002344337
paucaSA,-2.16837991364646
paucaSA,1.70185212939393
paucaSA,0.949587725956485
paucaSA,1.21425136441553
paucaSA,-1.8631138324346
paucaSA,-0.770798156698697
paucaSA,-2.12366519719869
paucaSA,-1.65231206077165
paucaSA,-2.08769750183516
paucaSA,NA
paucaSA,-0.172343884386032
paucaSA,-1.14914710512396
paucaSA,0.868557678745681
paucaSA,-0.303532918742854
paucaSA,0.292864448712026
paucaSA,0.950509499764964
paucaSA,-1.92973914693524
paucaSA,-1.46800578074807
paucaSA,NA
paucaSA,1.36669909651843
paucaSA,0.655447792506447
paucaSA,0.950509499764964
paucaSA,NA
paucaSA,NA
paucaSA,NA
paucaSA,-1.14914710512396
paucaSA,NA
paucaSA,-0.46215935131172
paucaSA,0.425595348542734
paucaSA,NA
paucaSA,1.10249065003371
paucaSA,-1.14914710512396
paucaSA,0.425595348542734
paucaSA,0.950509499764964
paucaSA,0.950509499764964
paucaSA,0.878969221270081
paucaSA,-0.46215935131172
paucaSA,-1.14914710512396
multiplex,-1.50225471690106
multiplex,-1.16221279954403
multiplex,-1.49795540211511
multiplex,1.03438514151796
multiplex,-0.0823773972180497
multiplex,-0.616372577180705
multiplex,-2.0941726414398
multiplex,-1.16221279954403
multiplex,NA
multiplex,NA
multiplex,-0.467388468825481
multiplex,-0.659892563501151
multiplex,-0.0823773972180497
multiplex,1.03438514151796
multiplex,-0.110161280840726
multiplex,1.50994524509018
multiplex,-1.69654185855684
multiplex,-0.457214559525722
multiplex,-0.627712824007832
multiplex,0.155745965093162
multiplex,NA
multiplex,-1.83087563005433
multiplex,-0.89161530482524
multiplex,-0.397667263035179
multiplex,-0.869648723864452
multiplex,-0.976569351084586
multiplex,-0.96578069199829
multiplex,-1.16221279954403
multiplex,-1.47852572992875
multiplex,-2.04366599629729
multiplex,-0.0628358337473178
multiplex,NA
multiplex,-2.25694922757459
multiplex,NA
multiplex,NA
multiplex,1.03438514151796
multiplex,-1.49795540211511
multiplex,-1.19958674823544
multiplex,NA
multiplex,-1.16221279954403
multiplex,-1.00180298609998
multiplex,NA
multiplex,-2.18261124794589
multiplex,NA
multiplex,NA
multiplex,-0.642287549169374
multiplex,-0.329196944875904
multiplex,NA
multiplex,-1.92860446205386
multiplex,-1.69654185855684
multiplex,-2.062075480689
multiplex,-2.00317916457707
multiplex,0.254071129495096
multiplex,-1.79000032344867
multiplex,0.519243254863202
multiplex,-2.14934416755103
multiplex,-1.16221279954403
multiplex,-1.9703392567963
multiplex,-1.34917242232841
multiplex,NA
multiplex,-0.684083660318653
multiplex,-1.49795540211511
multiplex,-1.54971977518611
multiplex,-1.16221279954403
multiplex,0.649980501832109
multiplex,NA
multiplex,1.03438514151796
multiplex,0.155745965093162
multiplex,-1.16221279954403
multiplex,NA
multiplex,NA
multiplex,-0.962655991244454
multiplex,1.97554209739223
multiplex,-1.34917242232841
multiplex,NA
multiplex,-1.69654185855684
multiplex,NA
multiplex,1.03438514151796
multiplex,NA
multiplex,-1.34917242232841
multiplex,-1.16221279954403
multiplex,1.03438514151796
multiplex,NA
multiplex,-0.961903871936453
multiplex,-1.80496217180206
multiplex,-2.28178729730046
multiplex,-2.25694922757459
multiplex,-1.95921611249257
multiplex,-1.16221279954403
multiplex,-1.87852486062615
multiplex,-1.69654185855684
multiplex,1.03438514151796
multiplex,-1.16221279954403
multiplex,-1.03789255052357
multiplex,-1.70017863897558
multiplex,-2.3997391648615
multiplex,NA
multiplex,-1.51227196199123
multiplex,-0.987408065449691
multiplex,-1.69797865600955
multiplex,-1.49795540211511
multiplex,1.03438514151796
multiplex,NA
multiplex,NA
multiplex,1.03438514151796
multiplex,-1.16221279954403
multiplex,-0.467388468825481
multiplex,0.3435932534101
multiplex,0.839071994895876
multiplex,-1.16221279954403
multiplex,-1.16221279954403
multiplex,NA
multiplex,NA
multiplex,NA
multiplex,-0.448318468698884
multiplex,-0.280429490715219
multiplex,-1.63602690709055
multiplex,-0.513144188213178
multiplex,0.649980501832109
multiplex,-1.49795540211511
multiplex,0.644109324610136
multiplex,-1.69517782934309
multiplex,-1.14921613592157
multiplex,0.654882017450973
multiplex,0.696190505475334
multiplex,0.937428171724989
multiplex,-1.39395823444883
multiplex,-0.975793631481678
multiplex,-1.92860446205386
multiplex,2.2027096885473
multiplex,1.15455384165693
multiplex,-1.16221279954403
multiplex,-0.39178236508858
multiplex,-0.120019032597055
multiplex,0.0670260484490206
multiplex,1.47370472973035
multiplex,-1.49795540211511
multiplex,-0.448318468698884
multiplex,NA
multiplex,1.03438514151796
multiplex,-1.48787551019683
multiplex,-1.53660677303783
multiplex,-2.1302865963844
multiplex,-1.49795540211511
multiplex,-2.30745732441423
multiplex,-0.448318468698884
multiplex,-1.49795540211511
multiplex,-1.78362854320103
multiplex,NA
multiplex,NA
multiplex,-1.38794835236275
multiplex,-2.42965695870706
multiplex,-1.70764966370762
multiplex,-2.28178729730046
multiplex,-0.904201552309707
multiplex,-1.30601372015903
multiplex,-0.188545747585329
multiplex,-1.69654185855684
multiplex,-1.03789255052357
multiplex,-1.78936675900512
multiplex,-1.92860446205386
multiplex,-1.84061270282109
multiplex,-2.29251896631733
multiplex,-2.37956685625596
multiplex,-1.83087563005433
multiplex,-0.330103548075035
multiplex,1.03438514151796
multiplex,-2.21100974035146
multiplex,-1.49795540211511
multiplex,-0.448318468698884
multiplex,0.649980501832109
multiplex,NA
multiplex,-0.413947017098031
multiplex,-1.54971977518611
multiplex,-1.69654185855684
multiplex,-1.16221279954403
multiplex,-1.49795540211511
multiplex,-1.49795540211511
multiplex,1.03438514151796
multiplex,-1.69654185855684
multiplex,-1.16221279954403
multiplex,NA
multiplex,-1.03066281235249
multiplex,NA
multiplex,-1.49795540211511
multiplex,1.18107698543515
multiplex,NA
multiplex,-1.77696762052931
multiplex,0.649980501832109
multiplex,-1.37217320333162
multiplex,-1.69654185855684
multiplex,-1.69654185855684
multiplex,-1.16221279954403
multiplex,-0.448318468698884
multiplex,-1.92860446205386
multiplex,-1.72030203300441
multiplex,-1.03789255052357
multiplex,NA
multiplex,1.03438514151796
multiplex,0.254071129495096
multiplex,-1.16221279954403
multiplex,NA
multiplex,0.649980501832109
multiplex,-0.448318468698884
multiplex,NA
multiplex,-2.18261124794589
multiplex,-1.19728072768774
multiplex,1.03438514151796
multiplex,0.0945698533940832
multiplex,-0.684624837130078
multiplex,-0.330103548075035
multiplex,1.08547445682203
multiplex,-0.448318468698884
multiplex,-1.16221279954403
multiplex,-1.16221279954403
multiplex,-2.23554134619513
multiplex,-0.392650609937984
multiplex,-0.654433549871557
multiplex,-0.917907434492055
multiplex,-0.772717540148445
multiplex,-1.2178121910809
multiplex,-1.49795540211511
multiplex,-1.92860446205386
multiplex,-1.69654185855684
multiplex,-1.49119383376281
multiplex,-0.173460484324505
multiplex,-1.31575670242499
multiplex,-1.88112705983229
multiplex,-2.08754406117467
multiplex,-2.30745732441423
multiplex,-0.536090304681403
multiplex,-2.19863964151835
multiplex,-1.16221279954403
multiplex,-1.54971977518611
multiplex,-2.26825521289942
multiplex,-0.0375255328909831
multiplex,-1.16221279954403
multiplex,NA
multiplex,-0.924435972769453
multiplex,-0.0823773972180497
multiplex,-1.48259924654957
multiplex,-1.03789255052357
multiplex,NA
multiplex,-1.03789255052357
multiplex,NA
multiplex,-1.16221279954403
multiplex,-2.00265037630005
multiplex,-1.72801685756892
multiplex,-2.062075480689
multiplex,-1.40459107350759
multiplex,-1.69167370506287
multiplex,-1.54971977518611
multiplex,0.764409184113782
multiplex,-0.814757905053907
multiplex,-2.18261124794589
multiplex,-1.49795540211511
multiplex,-1.69797865600955
multiplex,-2.0880484279929
multiplex,-1.16221279954403
multiplex,-0.466827418715844
multiplex,-0.212845038448355
multiplex,-0.685856844868876
multiplex,-1.16221279954403
multiplex,-0.648608599176874
multiplex,-1.49795540211511
multiplex,-0.596458551116493
multiplex,-1.25846305078155
multiplex,-0.980881434089914
multiplex,-0.962019328522079
multiplex,-1.88112705983229
multiplex,-0.330103548075035
multiplex,-1.54971977518611
multiplex,-2.062075480689
multiplex,-1.03789255052357
multiplex,-1.94782752288002
multiplex,-2.05420991105837
multiplex,-1.83087563005433
multiplex,-1.92860446205386
multiplex,-0.741167242086173
multiplex,-2.08754406117467
multiplex,-1.16221279954403
multiplex,-1.70017863897558
multiplex,-1.83087563005433
multiplex,-1.16221279954403
multiplex,NA
multiplex,-1.16221279954403
multiplex,NA
multiplex,NA
multiplex,NA
multiplex,NA
multiplex,-1.16221279954403
multiplex,-1.88112705983229
multiplex,-1.49795540211511
multiplex,NA
multiplex,1.33320060767901
multiplex,-1.8834410595596
multiplex,0.155745965093162
multiplex,NA
multiplex,-1.83087563005433
multiplex,NA
multiplex,-0.280343387779406
multiplex,-1.49795540211511
multiplex,NA
multiplex,-1.69654185855684
multiplex,-0.0823773972180497
multiplex,0.418371208891368
multiplex,1.08547445682203
multiplex,-2.25694922757459
multiplex,-1.34917242232841
multiplex,-0.0823773972180497
multiplex,-1.92860446205386
multiplex,NA
multiplex,NA
multiplex,-2.03488697359911
multiplex,-1.77009476428148
multiplex,NA
multiplex,0.649980501832109
multiplex,-1.49795540211511
multiplex,NA
multiplex,-1.69654185855684
multiplex,NA
multiplex,-1.16221279954403
multiplex,NA
multiplex,-1.05989961132875
multiplex,-0.448318468698884
multiplex,-1.49795540211511
multiplex,1.03438514151796
multiplex,NA
multiplex,NA
multiplex,-1.83087563005433
multiplex,-1.16221279954403
multiplex,-1.69860282600597
multiplex,NA
multiplex,NA
multiplex,-2.18261124794589
multiplex,-2.47491702167386
multiplex,-1.49795540211511
multiplex,-2.27579674812806
multiplex,-2.14934416755103
multiplex,-2.23702403567009
multiplex,-2.21100974035146
multiplex,-1.65811553975755
multiplex,-1.16221279954403
multiplex,-1.16221279954403
multiplex,-1.32716484815366
multiplex,-1.49795540211511
multiplex,0.649980501832109
multiplex,-1.49119383376281
multiplex,-0.394822554499689
multiplex,-0.701748510801058
multiplex,-1.41617227508061
multiplex,-0.706252210581479
multiplex,-1.2178121910809
multiplex,-1.15733337640544
multiplex,0.245352221280161
multiplex,-0.938467500540103
multiplex,-1.69654185855684
multiplex,0.155745965093162
multiplex,NA
multiplex,-1.16221279954403
multiplex,NA
multiplex,-1.16221279954403
multiplex,-0.120019032597055
multiplex,-0.543470805798863
multiplex,-0.627712824007832
multiplex,-2.15316444817724
multiplex,-1.46183936397561
multiplex,-1.45474294807189
multiplex,-1.37217320333162
multiplex,-1.76612019821026
multiplex,-1.36208474982192
multiplex,-1.41653372552857
multiplex,-0.00423786002643241
multiplex,-0.256822252890186
multiplex,-0.979130223277396
multiplex,-2.14934416755103
multiplex,-1.16221279954403
multiplex,-1.49795540211511
multiplex,-2.18261124794589
multiplex,-1.83087563005433
multiplex,NA
multiplex,-0.0823773972180497
multiplex,NA
multiplex,-1.69654185855684
multiplex,-1.16221279954403
multiplex,NA
multiplex,1.03438514151796
multiplex,-0.188545747585329
multiplex,-1.21261466710156
multiplex,-1.69654185855684
multiplex,-2.00317916457707
multiplex,-1.54971977518611
multiplex,-1.88112705983229
multiplex,-1.16221279954403
multiplex,NA
multiplex,NA
multiplex,-0.648608599176874
multiplex,-2.18261124794589
multiplex,-0.448318468698884
multiplex,-1.7981022271723
multiplex,-0.577829698932021
multiplex,-2.14934416755103
multiplex,-0.264893156865366
multiplex,NA
multiplex,-1.05989961132875
multiplex,-1.69654185855684
multiplex,-1.33301832025016
multiplex,-0.0823773972180497
multiplex,-0.0823773972180497
multiplex,-0.648608599176874
multiplex,-1.61709953374268
multiplex,-0.977794477553215
multiplex,-0.654433549871557
multiplex,-0.739108699771239
multiplex,-1.13267113027671
multiplex,-0.654433549871557
multiplex,-0.862350228316578
multiplex,-1.63536369272446
multiplex,-1.67668895849417
multiplex,-1.92860446205386
multiplex,NA
multiplex,-1.49795540211511
multiplex,-2.3717587090071
multiplex,-1.16221279954403
multiplex,-1.959302888065
multiplex,-2.25694922757459
multiplex,-2.21887196039932
multiplex,-2.00317916457707
multiplex,-2.4161078733937
multiplex,NA
multiplex,NA
multiplex,-1.16221279954403
multiplex,NA
multiplex,NA
multiplex,1.03438514151796
multiplex,NA
multiplex,-1.16221279954403
multiplex,-1.16221279954403
multiplex,NA
multiplex,0.649980501832109
multiplex,0.0290784867661521
multiplex,-0.58600554659656
multiplex,0.0018751248941131
multiplex,0.377685454373495
multiplex,-2.37956685625596
multiplex,-0.288180938861039
multiplex,1.03438514151796
multiplex,-0.96578069199829
multiplex,-1.02381508517518
multiplex,-2.20617982014045
multiplex,-0.96578069199829
multiplex,0.155745965093162
multiplex,-2.062075480689
multiplex,-1.03789255052357
multiplex,NA
multiplex,-1.26918142004515
multiplex,-1.49795540211511
multiplex,-0.448318468698884
multiplex,NA
multiplex,0.310234341634364
multiplex,-1.3118186672207
multiplex,0.12995930351651
multiplex,NA
multiplex,-1.00180298609998
multiplex,NA
multiplex,-1.34917242232841
multiplex,-1.49119383376281
multiplex,-1.3118186672207
multiplex,-1.89518070743898
multiplex,-2.04854339075496
multiplex,-2.32088362316293
multiplex,-0.577829698932021
multiplex,-1.49795540211511
multiplex,0.441116210541171
multiplex,NA
multiplex,0.649980501832109
multiplex,NA
multiplex,NA
multiplex,2.15124266581958
multiplex,-0.379441820189718
multiplex,NA
multiplex,NA
multiplex,NA
multiplex,NA
multiplex,1.70331428632486
multiplex,-1.16221279954403
multiplex,NA
multiplex,-1.16221279954403
multiplex,NA
multiplex,-1.16221279954403
multiplex,NA
multiplex,NA
multiplex,-1.14042126131387
multiplex,-1.83087563005433
multiplex,-1.16221279954403
multiplex,-2.00317916457707
multiplex,-2.21100974035146
multiplex,-1.60349731804824
multiplex,0.694691225613335
multiplex,-0.448318468698884
multiplex,-0.288314605962416
multiplex,-1.03789255052357
multiplex,-1.58481328706347
multiplex,1.33320060767901
multiplex,-1.16221279954403
multiplex,1.30895988415071
multiplex,NA
multiplex,-1.49795540211511
multiplex,-2.17594544985575
multiplex,-2.12110875303859
multiplex,1.03438514151796
multiplex,1.08547445682203
multiplex,NA
multiplex,0.649980501832109
multiplex,NA
multiplex,-0.330103548075035
multiplex,1.03438514151796
multiplex,-1.16221279954403
multiplex,NA
multiplex,NA
multiplex,-1.49795540211511
multiplex,-0.448318468698884
multiplex,NA
multiplex,-1.49795540211511
multiplex,NA
multiplex,-1.16221279954403
multiplex,NA
multiplex,-0.0823773972180497
multiplex,-0.280343387779406
multiplex,0.83774830596504
multiplex,-0.878951190472036
multiplex,-0.554860596421672
multiplex,-1.16221279954403
multiplex,-1.77413118326435
multiplex,-1.5936813444675
multiplex,-1.89676270728389
multiplex,-1.27256508321781
multiplex,-0.448318468698884
multiplex,-1.69654185855684
multiplex,0.155745965093162
multiplex,NA
multiplex,0.155745965093162
multiplex,0.227350403631371
multiplex,-1.50531110882219
multiplex,NA
multiplex,NA
multiplex,-2.062075480689
multiplex,-2.3997391648615
multiplex,-2.062075480689
multiplex,-1.69654185855684
multiplex,-2.14934416755103
multiplex,-1.78583146991188
multiplex,-1.69654185855684
multiplex,-1.10194704437367
multiplex,-2.31613121739455
multiplex,-1.49795540211511
multiplex,-1.83087563005433
multiplex,NA
multiplex,NA
multiplex,0.649980501832109
multiplex,-0.330103548075035
multiplex,NA
multiplex,-0.0823773972180497
multiplex,-1.69654185855684
multiplex,-1.16221279954403
multiplex,-1.66900808939629
multiplex,-0.862405023069157
multiplex,-1.92860446205386
multiplex,-0.640918590588883
multiplex,-0.975851205071211
multiplex,-0.814757905053907
multiplex,-0.817815908503675
multiplex,-0.975793837543192
multiplex,-0.792761704387082
multiplex,-0.457214559525722
multiplex,-1.12571453992684
multiplex,-1.16221279954403
multiplex,NA
multiplex,-0.980881434089914
multiplex,-1.2685639203179
multiplex,-1.19684550062033
multiplex,-0.976384955548727
multiplex,-2.062075480689
multiplex,-1.49795540211511
multiplex,-1.98307310187123
multiplex,-1.83087563005433
multiplex,-2.29251896631733
multiplex,1.03438514151796
multiplex,1.84524060959104
multiplex,1.03438514151796
multiplex,0.115843444134229
multiplex,NA
multiplex,-0.627712824007832
multiplex,0.377685454373495
multiplex,-1.16221279954403
multiplex,-1.45122094541736
multiplex,1.51014785829114
multiplex,-1.49795540211511
multiplex,NA
multiplex,NA
multiplex,-1.00180298609998
multiplex,NA
multiplex,-0.448318468698884
multiplex,-0.696570444734642
multiplex,0.311017276612545
multiplex,0.245352221280161
multiplex,-1.35350150152748
multiplex,0.524996488332218
multiplex,-0.0361143148525919
multiplex,-0.00850703322542663
multiplex,NA
multiplex,-1.89224356672549
multiplex,-1.44760504312649
multiplex,-1.16221279954403
multiplex,-0.648608599176874
multiplex,0.155745965093162
multiplex,-2.08754406117467
multiplex,-2.04854339075496
multiplex,-2.00667615988204
multiplex,-0.140948470543132
multiplex,-1.64633981918216
multiplex,-1.62530273494566
multiplex,-0.330103548075035
multiplex,0.0670260484490206
multiplex,-1.49795540211511
multiplex,-1.16221279954403
multiplex,-1.16221279954403
multiplex,NA
multiplex,NA
multiplex,-1.69654185855684
multiplex,-1.16221279954403
multiplex,-0.754342336918631
multiplex,-1.16221279954403
multiplex,-0.330103548075035
multiplex,0.766969405720187
multiplex,NA
multiplex,-1.49795540211511
multiplex,-1.3118186672207
multiplex,0.649980501832109
multiplex,-0.330103548075035
multiplex,-0.974153022083538
multiplex,-2.18402713428085
multiplex,-2.03089241229284
multiplex,-0.87060822427213
multiplex,-0.975851205071211
multiplex,0.173791401719725
multiplex,-1.01006264472267
multiplex,-2.02532396496638
multiplex,-1.16221279954403
multiplex,-1.16221279954403
multiplex,-0.61588002767171
multiplex,-2.06285412318495
multiplex,-2.16860109204496
multiplex,-1.69654185855684
multiplex,1.03438514151796
multiplex,-0.448318468698884
multiplex,-1.82312234232242
multiplex,NA
multiplex,-1.00180298609998
multiplex,-1.16221279954403
multiplex,-1.16221279954403
multiplex,-1.16221279954403
multiplex,-1.03789255052357
multiplex,-1.60889633253971
multiplex,NA
multiplex,-0.0358036335880509
multiplex,-1.83087563005433
multiplex,-1.0999193532171
multiplex,-1.98624358787647
multiplex,NA
multiplex,-2.18261124794589
multiplex,-2.00265037630005
multiplex,-1.16221279954403
multiplex,-0.477401811323104
multiplex,1.26084803590172
multiplex,0.711371463238194
multiplex,-0.233833300310491
multiplex,-1.83111534288441
multiplex,NA
multiplex,-1.03789255052357
multiplex,NA
multiplex,NA
multiplex,-1.84228514892275
multiplex,-0.598147134335244
multiplex,-1.91849786403026
multiplex,-1.16221279954403
multiplex,-1.16221279954403
multiplex,-0.814757905053907
multiplex,0.254071129495096
multiplex,-0.361216377344258
multiplex,-2.21191219548853
multiplex,-0.448318468698884
multiplex,NA
multiplex,NA
multiplex,-1.48259924654957
multiplex,NA
multiplex,NA
multiplex,-0.448318468698884
multiplex,NA
multiplex,-2.00365950539738
multiplex,-2.18261124794589
multiplex,-2.29251896631733
multiplex,-1.16221279954403
multiplex,-0.0502240233566385
multiplex,-0.103803271197741
multiplex,-1.88112705983229
multiplex,0.180470100925958
multiplex,-1.27574254824113
multiplex,NA
multiplex,-1.0241964957352
multiplex,-2.50469500984441
multiplex,-2.38521742598013
multiplex,1.26663138539323
multiplex,-1.97195573869424
multiplex,-1.03597148103588
multiplex,1.68216492011527
multiplex,1.51014785829114
multiplex,-0.100685753942254
multiplex,NA
multiplex,NA
multiplex,NA
multiplex,-1.16221279954403
multiplex,0.85361816008605
multiplex,-1.69654185855684
multiplex,NA
multiplex,NA
multiplex,NA
multiplex,-1.16221279954403
multiplex,-1.49795540211511
multiplex,NA
multiplex,NA
multiplex,NA
multiplex,NA
multiplex,NA
multiplex,-1.16221279954403
multiplex,NA
multiplex,-1.49795540211511
multiplex,-1.37907594824328
multiplex,-0.701234776896004
multiplex,-0.266510381418548
multiplex,-0.37021295089077
multiplex,-1.2685639203179
multiplex,-1.03789255052357
multiplex,0.649980501832109
multiplex,-1.54971977518611
multiplex,NA
multiplex,NA
multiplex,NA
multiplex,NA
multiplex,-1.16221279954403
multiplex,-2.27579674812806
multiplex,-1.54542335856983
multiplex,NA
multiplex,0.649980501832109
multiplex,-0.330103548075035
multiplex,0.254071129495096
multiplex,-1.49795540211511
multiplex,-1.49795540211511
multiplex,-0.684624837130078
multiplex,-1.15584759222033
multiplex,-0.829100046292212
multiplex,-0.706252210581479
multiplex,-0.743950677098928
multiplex,-0.768059274752835
multiplex,-1.04988416472006
multiplex,-0.743950677098928
multiplex,-0.852887269406753
multiplex,-1.14684939826309
multiplex,-1.05576307015301
multiplex,-1.03789255052357
multiplex,-0.854835965022026
multiplex,-0.596458551116493
multiplex,-2.16800161349284
multiplex,-2.14934416755103
multiplex,NA
multiplex,NA
multiplex,NA
multiplex,-1.03789255052357
multiplex,-0.273704741553461
multiplex,-0.577829698932021
multiplex,NA
multiplex,-1.19958674823544
multiplex,-1.38169815110398
multiplex,0.230888432111682
multiplex,1.68709510890328
multiplex,-0.0099403642562759
multiplex,-1.7981022271723
multiplex,-0.397667263035179
multiplex,-1.34917242232841
multiplex,-0.151758850534795
multiplex,0.245352221280161
multiplex,-0.39178236508858
multiplex,0.377685454373495
multiplex,-1.15733337640544
multiplex,-0.517054348758612
multiplex,-0.0179703358593897
multiplex,-1.43451319409931
multiplex,NA
multiplex,-1.44307628768148
multiplex,NA
multiplex,-1.69797865600955
multiplex,NA
multiplex,-0.0823773972180497
multiplex,-0.542858225379879
multiplex,-1.49795540211511
multiplex,-0.0581513570742032
multiplex,-1.49795540211511
multiplex,NA
multiplex,-1.16221279954403
multiplex,-1.54971977518611
multiplex,NA
multiplex,-1.16221279954403
multiplex,-1.83087563005433
multiplex,-2.14934416755103
multiplex,-1.83087563005433
multiplex,-1.16221279954403
multiplex,-0.330103548075035
multiplex,NA
multiplex,-0.448318468698884
multiplex,0.649980501832109
multiplex,-0.0823773972180497
multiplex,-1.16221279954403
multiplex,0.138861574151508
multiplex,1.08547445682203
multiplex,1.53003710503375
multiplex,0.377685454373495
multiplex,-1.49795540211511
multiplex,-0.330103548075035
multiplex,NA
multiplex,-0.124285620353272
multiplex,0.203772350865017
multiplex,-1.34917242232841
multiplex,-1.16221279954403
multiplex,-2.14934416755103
multiplex,-1.49119383376281
multiplex,-1.2178121910809
multiplex,-1.49100269545643
multiplex,-2.10982357584815
multiplex,-1.37217320333162
multiplex,NA
multiplex,-1.16221279954403
multiplex,NA
multiplex,NA
multiplex,-0.980881434089914
multiplex,-1.16221279954403
multiplex,-1.16221279954403
multiplex,-1.32888310810865
multiplex,-0.445439361481957
multiplex,-1.05918056891393
multiplex,-1.34917242232841
multiplex,-0.577829698932021
multiplex,-0.0823773972180497
multiplex,-2.12400921704797
multiplex,NA
multiplex,NA
multiplex,NA
multiplex,-0.128300124985335
multiplex,0.649980501832109
multiplex,-1.10845953400814
multiplex,0.12995930351651
multiplex,-0.627712824007832
multiplex,-1.84920410356385
multiplex,-1.86871068594093
multiplex,-2.14934416755103
multiplex,-1.41949865042503
multiplex,NA
multiplex,-0.706252210581479
multiplex,-2.10982357584815
multiplex,-0.273704741553461
multiplex,-0.0577237419684959
multiplex,-0.435838560514555
multiplex,-0.577829698932021
multiplex,-0.795436534692015
multiplex,-0.977794477553215
multiplex,1.33320060767901
multiplex,-1.16221279954403
multiplex,-1.69654185855684
multiplex,-1.7981022271723
multiplex,-1.49795540211511
multiplex,-0.0823773972180497
multiplex,-0.977794477553215
multiplex,-1.00180298609998
multiplex,-1.83087563005433
multiplex,-2.062075480689
multiplex,0.163904079099037
multiplex,-1.49795540211511
multiplex,-1.16221279954403
multiplex,-1.49795540211511
multiplex,-0.467388468825481
multiplex,0.649980501832109
multiplex,-1.755136463391
multiplex,-1.91447553356402
multiplex,-1.16221279954403
multiplex,-0.10691522782585
multiplex,-1.74883833149954
multiplex,-1.69654185855684
multiplex,-1.88112705983229
multiplex,-0.996626357410724
multiplex,-1.53426288140248
multiplex,-2.29251896631733
multiplex,-1.69654185855684
multiplex,-0.639397864291239
multiplex,-1.49795540211511
multiplex,-1.16221279954403
multiplex,-0.700929510419932
multiplex,-1.69654185855684
multiplex,-2.062075480689
multiplex,-0.488794477262482
multiplex,-1.30370679545571
multiplex,-2.30745732441423
multiplex,-1.16221279954403
multiplex,-2.38679248691299
multiplex,-1.88112705983229
multiplex,-1.39375096246593
multiplex,-1.69654185855684
multiplex,-1.49795540211511
multiplex,NA
multiplex,-1.83087563005433
multiplex,NA
multiplex,-1.83087563005433
multiplex,-1.84061270282109
multiplex,-2.1371864213521
multiplex,-2.27579674812806
multiplex,-1.16221279954403
multiplex,-1.85595658504907
multiplex,1.21290261988547
multiplex,0.416242599139862
multiplex,-0.207320884656644
multiplex,0.00745111331475069
multiplex,-1.16221279954403
multiplex,NA
multiplex,NA
multiplex,NA
multiplex,-0.448318468698884
multiplex,-0.96578069199829
multiplex,1.03438514151796
multiplex,NA
multiplex,NA
multiplex,-1.2685639203179
multiplex,-1.05524443782743
multiplex,-1.10845953400814
multiplex,0.105572718881671
multiplex,-0.140523317207523
multiplex,0.227350403631371
multiplex,-0.295348335181236
multiplex,1.03438514151796
multiplex,-1.32716484815366
multiplex,-1.88112705983229
multiplex,-1.16221279954403
multiplex,-1.16221279954403
multiplex,-1.69654185855684
multiplex,0.12995930351651
multiplex,NA
multiplex,NA
multiplex,-1.49795540211511
multiplex,-1.16221279954403
multiplex,NA
multiplex,-1.92860446205386
multiplex,NA
multiplex,NA
multiplex,-1.16221279954403
multiplex,NA
multiplex,NA
multiplex,-0.627712824007832
multiplex,NA
multiplex,-1.16221279954403
multiplex,NA
multiplex,NA
multiplex,NA
multiplex,NA
multiplex,NA
multiplex,-1.16221279954403
multiplex,-0.448318468698884
multiplex,-0.627712824007832
multiplex,NA
multiplex,NA
multiplex,NA
multiplex,-1.16221279954403
multiplex,-1.16221279954403
multiplex,NA
multiplex,-1.49795540211511
multiplex,NA
multiplex,-0.814757905053907
multiplex,-0.814757905053907
multiplex,-1.16221279954403
multiplex,NA
multiplex,NA
multiplex,-0.448318468698884
multiplex,0.441116210541171
multiplex,0.649980501832109
multiplex,NA
multiplex,-1.92860446205386
multiplex,NA
multiplex,-1.16221279954403
multiplex,NA
multiplex,NA
multiplex,NA
multiplex,NA
multiplex,-1.16221279954403
multiplex,-1.34917242232841
multiplex,-1.49795540211511
multiplex,-1.46123871088619
multiplex,-2.2125487465467
multiplex,-1.83087563005433
multiplex,-1.65646959989243
multiplex,-0.616372577180705
multiplex,-1.1719458629681
multiplex,-1.30032637269851
multiplex,NA
multiplex,NA
multiplex,-1.3870719549134
multiplex,-0.441439410494586
multiplex,-0.54657678592011
multiplex,-1.65457587324651
multiplex,0.649980501832109
multiplex,-1.19323851097206
multiplex,-0.322186818605229
multiplex,0.649980501832109
multiplex,NA
multiplex,NA
multiplex,NA
multiplex,-0.467388468825481
multiplex,-0.448318468698884
multiplex,-2.26639876763778
multiplex,NA
multiplex,-1.49795540211511
multiplex,-1.01860856204165
multiplex,-1.37245406727178
multiplex,0.173908951903921
multiplex,-1.25426307677182
multiplex,0.0852414641318051
multiplex,NA
multiplex,-1.20732458799631
multiplex,-1.69654185855684
multiplex,-1.69654185855684
multiplex,-1.92860446205386
multiplex,-2.14934416755103
multiplex,-1.92860446205386
multiplex,0.155745965093162
multiplex,-0.928445253953294
multiplex,-0.448318468698884
multiplex,NA
multiplex,-1.23070898575593
multiplex,NA
multiplex,-1.49795540211511
multiplex,0.336820226610344
multiplex,-1.38794835236275
multiplex,-1.16221279954403
multiplex,-1.03277703167784
multiplex,-0.980881434089914
multiplex,-0.814757905053907
multiplex,-0.96578069199829
multiplex,-2.062075480689
multiplex,-1.59302528976752
multiplex,-1.51923021811886
multiplex,-1.60629133156287
multiplex,-2.23554134619513
multiplex,-1.98307310187123
multiplex,-2.30745732441423
multiplex,NA
multiplex,NA
multiplex,NA
multiplex,NA
multiplex,1.03438514151796
multiplex,-1.16221279954403
multiplex,-1.16221279954403
multiplex,-1.16221279954403
multiplex,0.47733997572346
multiplex,1.03438514151796
multiplex,-0.330103548075035
multiplex,0.394884627736083
multiplex,-0.642326332428643
multiplex,-1.37650073562441
multiplex,1.03438514151796
multiplex,0.254071129495096
multiplex,-1.00180298609998
multiplex,NA
multiplex,-0.280343387779406
multiplex,-0.554860596421672
multiplex,-1.16221279954403
multiplex,-0.446723729164668
multiplex,-1.49795540211511
multiplex,-2.10982357584815
multiplex,-1.49795540211511
multiplex,NA
multiplex,0.764409184113782
multiplex,0.268442295906542
multiplex,-0.448318468698884
multiplex,NA
multiplex,-1.49795540211511
multiplex,-1.0356939241295
multiplex,-0.772169809836453
multiplex,-1.92860446205386
multiplex,-0.577829698932021
multiplex,-0.448318468698884
multiplex,-1.01733231978084
multiplex,-2.34403597182107
multiplex,-0.230449994650659
multiplex,-0.980881434089914
multiplex,-1.93746301922842
multiplex,-0.330103548075035
multiplex,-1.83038276501999
multiplex,-0.915165271311907
multiplex,-1.77781097356895
multiplex,-1.53115866017821
multiplex,NA
multiplex,NA
multiplex,-1.98307310187123
multiplex,-1.50614831360443
multiplex,0.377685454373495
multiplex,0.254071129495096
multiplex,-2.32088362316293
multiplex,-1.16221279954403
multiplex,-1.16221279954403
multiplex,-1.09023409116268
multiplex,-2.08754406117467
multiplex,NA
multiplex,NA
multiplex,-0.330103548075035
multiplex,NA
multiplex,-0.0823773972180497
multiplex,0.0670260484490206
multiplex,0.477153993546924
multiplex,NA
multiplex,-1.16221279954403
multiplex,-1.64875788663115
multiplex,-0.831619763944962
multiplex,-1.98307310187123
multiplex,-1.83087563005433
multiplex,NA
multiplex,NA
multiplex,-1.16221279954403
multiplex,-2.062075480689
multiplex,-2.27579674812806
multiplex,-2.10805686478567
multiplex,-0.448318468698884
multiplex,1.30895988415071
multiplex,-1.49795540211511
multiplex,-1.83087563005433
multiplex,-1.16221279954403
multiplex,-1.51770246497409
multiplex,-1.69654185855684
multiplex,-1.29264550360064
multiplex,-2.00317916457707
multiplex,-0.96578069199829
multiplex,-1.50195904989962
multiplex,NA
multiplex,-1.69654185855684
multiplex,-0.379441820189718
multiplex,-2.22432818059169
multiplex,-1.05378320547176
multiplex,-1.16221279954403
multiplex,-2.25694922757459
multiplex,-2.00010791209973
multiplex,-1.16221279954403
multiplex,-0.188545747585329
multiplex,-0.110161280840726
multiplex,1.03438514151796
multiplex,1.33320060767901
multiplex,NA
multiplex,-1.16221279954403
multiplex,0.649980501832109
multiplex,NA
multiplex,-1.16221279954403
multiplex,-2.29251896631733
multiplex,-1.35338713577007
multiplex,-0.330103548075035
multiplex,1.03438514151796
multiplex,NA
multiplex,-0.962655991244454
multiplex,-1.16221279954403
multiplex,0.0135845967215702
multiplex,-1.92860446205386
multiplex,0.0160399114083631
multiplex,-0.330103548075035
multiplex,-1.72374114938133
multiplex,NA
multiplex,NA
multiplex,-0.577829698932021
multiplex,-0.577829698932021
multiplex,NA
multiplex,-0.330103548075035
multiplex,0.377685454373495
multiplex,-1.16221279954403
multiplex,NA
multiplex,NA
multiplex,-1.16221279954403
multiplex,-0.502480894974755
multiplex,1.03438514151796
multiplex,1.03438514151796
multiplex,1.50994524509018
multiplex,1.30895988415071
multiplex,-1.16221279954403
multiplex,-1.4403835566035
multiplex,NA
multiplex,-1.08389145554943
multiplex,-1.24413624760937
multiplex,-1.49795540211511
multiplex,-1.51923021811886
multiplex,-1.58418398453083
multiplex,-2.00317916457707
multiplex,-2.10905168667409
multiplex,-1.1171723061581
multiplex,-1.61137418210005
multiplex,-1.92860446205386
multiplex,-0.814757905053907
multiplex,-1.16221279954403
multiplex,-1.09121541462967
multiplex,-0.980379413765197
multiplex,-1.29984331100748
multiplex,1.03438514151796
multiplex,NA
multiplex,-0.627712824007832
multiplex,-2.27753486207344
multiplex,-1.43844348687321
multiplex,-1.23077098965222
multiplex,-0.577829698932021
multiplex,-0.743950677098928
multiplex,-1.16221279954403
multiplex,NA
multiplex,1.03438514151796
multiplex,-2.11410193117739
multiplex,-1.24227902681048
multiplex,NA
multiplex,-0.74950695748428
multiplex,-1.01686886816647
multiplex,-1.88935141829116
multiplex,-1.16221279954403
multiplex,-0.975851205071211
multiplex,-0.448318468698884
multiplex,-0.772717540148445
multiplex,-0.840384184080749
multiplex,-1.96856198421324
multiplex,-1.16221279954403
multiplex,-0.0823773972180497
multiplex,-1.83087563005433
multiplex,NA
multiplex,-1.83087563005433
multiplex,-2.21100974035146
multiplex,1.03438514151796
multiplex,-0.654433549871557
multiplex,-1.26918142004515
multiplex,-1.29984331100748
multiplex,-1.69654185855684
multiplex,-0.772717540148445
multiplex,-1.49795540211511
multiplex,-1.05061861413343
multiplex,-1.45474294807189
multiplex,NA
multiplex,-2.062075480689
multiplex,0.649980501832109
multiplex,NA
multiplex,NA
multiplex,-0.448318468698884
multiplex,-1.49795540211511
multiplex,-0.448318468698884
multiplex,0.649980501832109
multiplex,NA
multiplex,NA
multiplex,-0.330103548075035
multiplex,-1.69654185855684
multiplex,1.26222408850088
multiplex,-2.2317244506687
multiplex,-1.69654185855684
multiplex,-2.39349853308389
multiplex,NA
multiplex,NA
multiplex,-0.0823773972180497
multiplex,0.649980501832109
multiplex,-0.577829698932021
multiplex,-2.00365950539738
multiplex,-2.30745732441423
multiplex,-0.470569034417021
multiplex,NA
multiplex,0.0135845967215702
multiplex,-1.16221279954403
multiplex,1.03438514151796
multiplex,-1.16221279954403
multiplex,NA
multiplex,-1.49795540211511
multiplex,-1.34917242232841
multiplex,-0.330103548075035
multiplex,-2.45371601260719
multiplex,-0.479925849044684
multiplex,-0.72754280619538
multiplex,NA
multiplex,-1.49795540211511
multiplex,NA
multiplex,-1.49795540211511
multiplex,-0.203254644761646
multiplex,-1.16221279954403
multiplex,-1.42976866525835
multiplex,-1.16221279954403
multiplex,NA
multiplex,-1.55128486475857
multiplex,NA
multiplex,-1.16221279954403
multiplex,-2.00317916457707
multiplex,-1.16221279954403
multiplex,-0.25207736810206
multiplex,-1.38794835236275
multiplex,-0.370941211856187
multiplex,-0.800732678155361
multiplex,0.245352221280161
multiplex,-0.0163361221061058
multiplex,0.258448679401398
multiplex,-0.704974530618306
multiplex,-1.48358003802735
multiplex,-0.463495512003025
multiplex,-2.21100974035146
multiplex,-2.21100974035146
multiplex,-1.16221279954403
multiplex,-1.16709626592685
multiplex,-1.16194506507187
multiplex,-1.62383541694375
multiplex,-1.83087563005433
multiplex,NA
multiplex,-0.888700175352585
multiplex,-1.19958674823544
multiplex,-1.83087563005433
multiplex,-2.25694922757459
multiplex,-0.448318468698884
multiplex,-1.49795540211511
multiplex,NA
multiplex,-1.84228514892275
multiplex,-1.69654185855684
multiplex,-1.16221279954403
multiplex,-1.99337590535513
multiplex,-1.44937812913191
multiplex,NA
multiplex,-1.16221279954403
multiplex,-0.0823773972180497
multiplex,NA
multiplex,NA
multiplex,-1.16221279954403
multiplex,NA
multiplex,NA
multiplex,1.03438514151796
